Time,Price,First_Derivative,Second_Derivative,Label
0.0,-0.05504773199326601,712.8075928424021,-1713.2707180282891,0.0
0.06289474781961547,44.77680606373676,605.0518630852813,-5220.633580283313,0.0
0.12578949563923095,76.05412096108127,56.10672786133176,-2129.5211582330344,0.0
0.18868424345884643,51.83444306338125,337.18047063807717,6227.336603840878,0.0
0.2515789912784619,118.46788230204346,839.440258434197,-694.1919152719306,0.0
0.31447373909807735,157.42720979108452,249.85841973918934,-4918.18613004338,1.0
0.37736848691769287,149.89744690225132,220.78410567617948,2582.9083806662056,1.0
0.44026323473730833,185.19953108924975,574.7611622255338,2050.823422611587,1.0
0.5031579825569238,222.19636361161938,478.7561496516123,-1966.7598729621386,1.0
0.5660527303765392,245.4220256881062,327.3634297621486,778.1103903313597,1.0
0.6289474781961547,263.37524433212883,576.6342632030392,1478.7098418174924,1.0
0.6918422260157702,317.956558824716,513.3695949611379,-679.4424616358151,1.0
0.7547369738353857,327.9517467588066,491.1675386379925,-1495.480745345651,1.0
0.8176317216550012,379.74027578435147,325.2538262659273,-2617.394449163715,1.0
0.8805264694746167,368.8652615195277,161.9268109887662,-2923.16011085721,1.0
0.9434212172942321,400.10896766909747,-42.4490097515195,1183.039121007186,1.0
1.0063159651138476,363.5256219924992,310.74070534173916,3838.4728877869384,1.0
1.0692107129334631,439.196884268614,440.3905588280618,-3980.278888040171,1.0
1.1321054607530785,418.92212827176047,-189.93656848831006,-3605.9380564003222,1.0
1.195000208572694,415.3048591150233,-13.198570592840497,4675.591238064186,1.0
1.2578949563923094,417.26188673372826,398.20369516299024,1168.4127325752172,1.0
1.320789704211925,465.39470109125403,133.7754777362493,-2926.0361007186893,1.0
1.3836844520315403,434.0894366070685,30.139089831403908,-70.75205646257143,1.0
1.446579199851156,469.185882000172,124.87561223838475,-2144.925013314328,1.0
1.5094739476707715,449.7974768881751,-239.6699457773766,1656.381540839422,1.0
1.5723686954903868,439.03792040095396,333.2310108467045,2109.8984088457446,1.0
1.6352634433100024,491.71443767393333,25.73311092134236,-4044.256240729406,1.0
1.6981581911296177,442.2748754449784,-175.49394191045985,8.225188167865667,1.0
1.7610529389492333,469.63914323327634,26.767753192517375,1253.0733000788932,1.0
1.8239476867688487,445.6419776184608,-17.870483494548353,-1343.5641176163365,1.0
1.8868424345884642,467.39122412766807,-142.23849952141018,-4084.524662447693,1.0
1.9497371824080796,427.74986850318186,-531.6607807098426,157.4715459044254,1.0
2.012631930227695,400.51388267101726,-122.43023318455971,2714.515375605166,1.0
2.0755266780473107,412.34943121990267,-190.20326070753072,-2390.423266813699,1.0
2.1384214258669263,376.58831043767975,-423.1203702813382,3154.0016526772415,1.0
2.2013161736865414,359.1253332475285,206.53701642803344,1955.6215966765615,1.0
2.264210921506157,402.56849756499395,-177.1237159742136,-6334.733027234575,1.0
2.3271056693257726,336.84503034938575,-590.3058560769837,-2266.624625332425,1.0
2.390000417145388,328.31422165618557,-462.2412843982406,704.0400025331501,1.0
2.4528951649650033,278.6999323213012,-501.7450192484948,-1158.68127264438,1.0
2.515789912784619,265.19996874542153,-607.9912172907996,-1077.829176613599,1.0
2.5786846606042344,202.22102374520935,-637.3246077599672,3969.0991488189,1.0
2.64157940842385,185.03122777682447,-108.72023721876849,3040.036844445025,1.0
2.7044741562434655,188.5451599396829,-254.91990637254776,-1182.8951537120574,1.0
2.7673689040630807,152.96498132582207,-257.5160219982995,-213.1091901937748,1.0
2.8302636518826962,156.152349413496,-281.7268039231077,-3462.2571367285814,1.0
2.893158399702312,117.52670875228178,-693.0316010007164,376.01961569833816,0.0
2.9560531475219274,68.97625386156702,-234.4274861139562,4388.591296986417,0.0
3.018947895341543,88.03819351003438,-140.99291518607572,-3311.25906696141,0.0
3.081842643161158,51.240826171606116,-650.9490940778574,-4192.242353021158,0.0
3.1447373909807737,6.155635279166493,-668.3329663700254,1722.1518627411824,0.0
3.207632138800389,-32.82844058715062,-434.3204798494816,-39.33739857818273,0.0
3.270526886620005,-48.47731882688866,-673.2811978969344,-2138.238569294324,0.0
3.33342163443962,-117.5201428939827,-703.2884310373663,2936.83307222499,0.0
3.3963163822592355,-136.9436158559845,-303.85844696513755,3998.7326632558684,-1.0
3.459211130078851,-155.74234368344742,-200.2898661302911,1839.1575121989413,-1.0
3.5221058778984666,-162.13797709816293,-72.5117511045296,-2937.621659433354,-1.0
3.585000625718082,-164.86356028280366,-569.811813049294,-6549.080074868825,-1.0
3.6478953735376973,-233.81431767090876,-896.3172306232154,2653.000571829708,-1.0
3.710790121357313,-277.61085265564975,-236.09220918823735,6995.207857391708,-1.0
3.7736848691769285,-263.512237589049,-16.393562350325737,-248.50043480980275,-1.0
3.836579616996544,-279.6729905954275,-267.3509535490921,-5199.759419821203,-1.0
3.899474364816159,-297.14217919465665,-670.4686772149726,-1709.4308126582036,-1.0
3.9623691126357747,-364.0109073442014,-482.37939330352356,5049.937902626672,-1.0
4.02526386045539,-357.8204397850652,-35.23953543412654,2562.1605384885634,-1.0
4.088158608275005,-368.4436707330209,-160.0865114203034,-2677.466049382523,-1.0
4.1510533560946214,-377.95764131526926,-372.0366393771201,-2548.4882943849307,-1.0
4.213948103914237,-415.24197195958294,-480.6595686134697,2687.197398348103,-1.0
4.276842851733853,-438.41956602532787,-34.01543395585031,4873.97154381795,-1.0
4.339737599553468,-419.52075624083943,132.43485364335902,-526.5321521562726,-1.0
4.402632347373083,-421.7606525804744,-100.24764781342628,-2502.1307834165736,-1.0
4.465527095192699,-432.13085729830976,-182.30691562600396,-2388.02022568151,-1.0
4.528421843012314,-444.6929475486132,-400.6355075781844,608.0877071370376,-1.0
4.59131659083193,-482.52659573173736,-105.81586964081225,4349.733594333825,-1.0
4.654211338651545,-458.00347242135837,146.51528741808806,1734.0351946577766,-1.0
4.71710608647116,-464.0965116239792,112.3075429158639,-2129.124539824308,-1.0
4.780000834290776,-443.87636324149025,-121.30621459952454,-2660.107174183493,-1.0
4.842895582110391,-479.35555917635685,-222.30599687097993,4833.591756653524,-1.0
4.9057903299300065,-471.8401224654671,486.70885459586316,4398.870881419365,-1.0
4.9686850777496225,-418.13269783359476,331.02575268485,-4097.522607096653,-1.0
5.031579825569238,-430.20055999164197,-28.716447521169357,21.87908465258488,-1.0
5.094474573388854,-421.74492528383286,333.7779117083569,1821.9363366381936,-1.0
5.157369321208469,-388.2148048223322,200.46400535134444,-3396.245484358404,-1.0
5.220264069028084,-396.52865915686726,-93.43409483610003,-1287.7663091100244,-1.0
5.2831588168477,-399.9678324872733,38.47653082720626,5654.815086003089,-1.0
5.346053564667315,-391.6887157501658,617.8822427653377,5150.472611217215,-1.0
5.408948312486931,-322.24473680538375,686.3518828958863,-5045.901038608191,-1.0
5.471843060306546,-305.3528585696548,-16.839103926648477,-2180.4480822979976,-1.0
5.534737808126161,-324.36291919533346,412.0744183560944,2915.2244551440704,-1.0
5.597632555945777,-253.51822531881095,349.8655099610696,-2801.6375739197997,-1.0
5.6605273037653925,-280.3535131557667,59.657840968806795,325.9390882236421,-1.0
5.7234220515850085,-246.01389559241846,390.86522347784125,1818.5236885690301,-1.0
5.786316799404624,-231.18677383157336,288.40901856190544,-1430.9648956642607,-1.0
5.849211547224239,-209.735070609711,210.86487097479016,2409.0158930168564,-1.0
5.912106295043855,-204.6621880636232,591.4379127313944,3961.6417463743624,-1.0
5.97500104286347,-135.3383938653102,709.1977881545477,-2174.3000042114804,-1.0
6.037895790683086,-115.45255598320507,317.933811833247,-243.9786769014945,0.0
6.100790538502701,-95.34566002814782,678.507833440371,2430.9830263287945,0.0
6.163685286322316,-30.103397827473955,623.7259406226757,-2654.994761155598,0.0
6.226580034141932,-16.887488540117168,344.5373815098043,523.0422586990599,0.0
6.289474781961547,13.23578562150545,689.5191625424258,6308.371115155329,0.0
6.352369529781162,69.846779149679,1138.0642023902817,3460.220211479308,0.0
6.415264277600778,156.39230764524328,1124.7785177450753,263.9723534183704,1.0
6.478159025420394,211.33210160267444,1171.2691515894785,643.0925543970297,1.0
6.54105377324001,303.7256634814745,1205.6728058120225,-2428.2247464538486,1.0
6.603948521059625,362.9930757517059,865.8239854343542,-2593.353792020058,1.0
6.66684326887924,412.63722592161014,879.4561402997342,1083.0376560269815,1.0
6.729738016698856,473.6194200768345,1002.058745944285,59.77237055752266,1.0
6.792632764518471,538.6856901748221,886.9748766453295,207.15417694392545,1.0
6.855527512338087,585.1915424547195,1028.1165653816252,2082.1356999958443,1.0
6.918422260157702,668.0119543925147,1148.8856762002442,-1863.3795426453717,1.0
6.981317007977317,729.7092922110843,793.7229925278043,-4299.627049120153,1.0
7.044211755796933,767.8539692998482,608.0377582546271,-836.753485790633,1.0
7.107106503616548,806.1940551515426,688.4681935758281,2831.0941273295393,1.0
7.170001251436164,854.4560361334045,964.159660638602,-62.197887777272626,1.0
7.2328959992557795,927.4752125789641,680.6443526425073,-2775.207187704098,1.0
7.295790747075395,940.0739459619958,615.0677482029369,-1826.1597659437848,1.0
7.358685494895011,1004.8442744093701,450.93263672778085,-2001.6991115308451,1.0
7.421580242714626,996.7965349032529,363.2750265419736,1546.9399894920502,1.0
7.484474990534241,1050.5404567764128,645.521437790142,1582.8818692638124,1.0
7.547369738353857,1077.9963509871861,562.3849385331469,-1628.8520227277672,1.0
7.610264486173472,1121.282574549597,440.6289633802753,-6721.500820415575,1.0
7.673159233993088,1133.422846054828,-283.1092596056151,-4693.045443477304,1.0
7.736053981812703,1085.6704035730113,-149.70685596673866,3860.444054073263,1.0
7.798948729632318,1114.591296149037,202.49405089972606,2829.866742410153,1.0
7.861843477451934,1111.142028105632,206.2606542872636,-1364.1363884125867,1.0
7.9247382252715495,1140.536719822049,30.900022618186995,-2674.6967143303627,1.0
7.9876329730911655,1115.028926366014,-130.18809639626124,-2200.416555600762,1.0
8.05052772091078,1124.1604248381311,-245.88926610704766,-3074.302293940331,1.0
8.113422468730397,1084.0986395993073,-516.9030313935491,-805.9304013289304,1.0
8.17631721655001,1059.1394532247468,-347.2668448105487,1725.8486880984324,1.0
8.239211964369627,1040.416118338362,-299.8093953680236,-1836.1345906497113,1.0
8.302106712189243,1021.4265805935,-578.2332888941237,-4051.5917302151947,1.0
8.365001460008857,967.6804445665575,-809.4570756478706,-491.3850258466846,1.0
8.427896207828473,919.6053833061483,-640.044363460037,2656.9262116050522,1.0
8.49079095564809,887.1695869001862,-475.2436675394156,-1927.6527279355314,1.0
8.553685703467705,859.8247220606263,-882.5228278746372,-1657.5502734729525,1.0
8.61658045128732,776.15748549173,-683.7460804362636,3576.735954749898,1.0
8.679475199106935,773.8166474572505,-432.6070160919453,595.8336601877236,1.0
8.742369946926551,721.740067127531,-608.7964648363723,-5802.857926638091,1.0
8.805264694746166,697.236447198536,-1162.5455879498495,-5134.9890279662195,1.0
8.868159442565782,575.5040439617044,-1254.7241447772112,413.66973636180956,1.0
8.931054190385398,539.4053298606439,-1110.5102804516832,2439.50505068875,1.0
8.993948938205012,435.81351588150886,-947.860034841719,2495.0271301942503,1.0
9.056843686024628,420.17449414132335,-796.6620761383529,-2084.5125247328024,1.0
9.119738433844244,335.60179512916204,-1210.0698139815204,-3274.9797217095584,1.0
9.18263318166386,267.96042255232857,-1208.6201235609108,1754.5500548839,1.0
9.245527929483474,183.57007936701143,-989.3658475038969,2301.5245985628453,1.0
9.30842267730309,143.50859159213505,-919.1125051064128,-1351.2365058537016,1.0
9.371317425122706,67.95538091396469,-1159.3372060645522,-1564.4248058371168,0.0
9.43421217294232,-2.3238508345194884,-1115.9007123981723,1967.7671260815287,0.0
9.497106920761937,-72.41320688205916,-911.8127717392947,-1426.9292611957135,0.0
9.560001668581553,-117.02031950901556,-1295.3934244768432,-3222.851262696503,0.0
9.622896416401167,-235.3600924013745,-1317.2136065941545,229.55912573930073,-1.0
9.685791164220783,-282.71195473162373,-1266.5172978307119,-755.0980727998576,-1.0
9.748685912040399,-394.67466451386275,-1412.1970123298047,2810.2905817427945,-1.0
9.811580659860013,-460.35150465581904,-913.0122629536249,4794.777769733876,-1.0
9.874475407679629,-509.52201658323105,-809.0643349727984,2768.2389693624664,-1.0
9.937370155499245,-562.123299291738,-564.7968791886528,-2798.5145837514083,-1.0
10.000264903318861,-580.567531154984,-1161.0880730019235,-3085.7473086954597,-1.0
10.063159651138475,-708.1759823873726,-952.9514768195895,7340.195964252045,-1.0
10.126054398958091,-700.4388167927759,-237.76852476553086,-33.87836124081423,-1.0
10.188949146777707,-738.084765196513,-957.2130187931552,-6850.0670880596845,-1.0
10.251843894597322,-820.8461596460705,-1099.4350088674655,1611.8330009659849,-1.0
10.314738642416938,-876.3821404500634,-754.4613585469633,1685.2861281983842,-1.0
10.377633390236554,-915.7494734169829,-887.4437167935966,2277.6904842288623,-1.0
10.440528138056168,-988.0132379937328,-467.95182131355614,5045.999788580951,-1.0
10.503422885875784,-974.612897003472,-252.70994839234208,-2583.4927453652517,-1.0
10.5663176336954,-1019.8014949450219,-792.928070740666,-1013.0788597554706,-1.0
10.629212381515016,-1074.3549191001296,-380.14462720375104,7965.384744895746,-1.0
10.69210712933463,-1067.6196958709465,209.03365889218367,2496.9934387618828,-1.0
10.755001877154246,-1048.0606805764585,-66.04908192745097,-4229.898666946248,-1.0
10.817896624973862,-1075.927976574035,-323.0431610280448,-3679.1389280826434,-1.0
10.880791372793476,-1088.6961168718792,-528.8461120776265,-636.6361153835187,-1.0
10.943686120613092,-1142.4512622830487,-403.12529688784707,5409.493695086223,-1.0
11.006580868432708,-1139.4050446468173,151.61137149087517,6084.186364099773,-1.0
11.069475616252323,-1123.38014433004,362.2014372273552,619.5493507925698,-1.0
11.132370364071939,-1093.8439085381835,229.5441718506754,-879.3601729740803,-1.0
11.195265111891555,-1094.5058987260181,251.58716458371782,-116.39315698516157,-1.0
11.258159859711169,-1062.1968859958945,214.90313533765584,-232.57873817425002,-1.0
11.321054607530785,-1067.4733417206064,222.33120241237157,1532.0264392904419,-1.0
11.383949355350401,-1034.2299561795783,407.615968441969,626.5791956029705,-1.0
11.446844103170017,-1016.1995346357941,301.14828340530494,2646.3965605972844,-1.0
11.509738850989631,-996.348665497405,740.5048570608797,1950.8080253257526,-1.0
11.572633598809247,-923.0518021477043,546.5394409999763,-2963.475303736262,-1.0
11.635528346628863,-927.5997448670702,367.73079326457537,2675.8458221070123,-1.0
11.698423094448477,-876.7951311319407,883.1327373711392,5444.63101661451,-1.0
11.761317842268094,-816.5109232506614,1052.6081827862145,-1142.748801874498,-1.0
11.82421259008771,-744.3880787135342,739.3869419410094,-2251.086657195491,-1.0
11.887107337907324,-723.5038127416676,769.4451275373831,1463.7235884830043,-1.0
11.95000208572694,-647.5999641985421,923.5079938915342,700.6523086703928,-1.0
12.012896833546556,-607.3362079712526,857.5798280634954,1594.4363607425512,-1.0
12.075791581366172,-539.7254301560557,1124.0713395381922,706.3773928491446,-1.0
12.138686329185786,-465.93984110822953,946.4346840409562,40.48271489131184,-1.0
12.201581077005402,-420.6738885950704,1129.1636398264873,771.7002133993155,-1.0
12.264475824825018,-323.9029163602963,1043.506464669144,-15.52066692601693,-1.0
12.327370572644632,-289.4117367080608,1127.2113029618743,3932.60373594623,-1.0
12.390265320464248,-182.1115750818805,1538.1867051627823,-1479.390800469002,-1.0
12.453160068283864,-95.92400686666232,941.1194803175588,-6244.129648762578,0.0
12.516054816103479,-63.728630316478736,752.7407859389618,-1705.9227466694938,0.0
12.578949563923095,-1.2371230563216615,726.5323184145172,-2760.545823143939,0.0
12.64184431174271,27.661503582485324,405.49311915669716,-1775.6778972751,0.0
12.704739059562325,49.769651887577766,503.17069129854167,159.35047446364388,0.0
12.76763380738194,90.95509106137226,425.53773496934605,-1325.1409807744062,0.0
12.830528555201557,103.297828944833,336.4818756760518,-418.5626001905903,0.0
12.893423303021173,133.2809764944056,372.8869565979262,-364.38087543775237,1.0
12.956318050840787,150.20309114573405,290.64658913415906,-501.06177830754905,1.0
13.019212798660403,169.84126435085412,309.8586482205267,2594.247594737498,1.0
13.08210754648002,189.18005422484833,616.9756856394797,-741.0784049333879,1.0
13.145002294299633,247.45032466911147,216.63876943485047,-5325.624262247902,1.0
13.20789704211925,216.43093576795914,-52.931904272727934,1312.7800560513242,1.0
13.270791789938865,240.79204712742091,381.7727105707893,2486.503609186592,1.0
13.33368653775848,264.45393247948056,259.84413063199486,96.41345525130964,1.0
13.396581285578096,273.47770926443343,393.9005104796943,1212.2258695685996,1.0
13.459476033397712,314.0024790247573,412.3294113658585,-2241.001277087075,1.0
13.522370781217326,325.34441795736626,112.0060901080492,-3058.894826586395,1.0
13.585265529036942,328.0916686079708,27.552573916111214,3038.90389250335,1.0
13.648160276856558,328.8102423338366,494.26827804214463,3339.3311184937447,1.0
13.711055024676174,390.2654260133639,447.6053510838319,-3891.8229789357597,1.0
13.773949772495788,385.11429369209424,4.71782840465994,-3060.5179191458155,1.0
13.836844520315404,390.8588792688988,62.624345639667354,564.2157837359397,1.0
13.89973926813502,392.991778544845,75.6902472724978,-1401.8633384352693,1.0
13.962634015954634,400.3799172981148,-113.715336657227,-2009.9472497962754,1.0
14.02552876377425,378.6875837002864,-177.1400035408301,456.0235114150297,1.0
14.088423511593867,378.097565595182,-56.35236915669884,510.7035029151576,1.0
14.15131825941348,371.59904760598965,-112.89886748793924,1032.4068882752058,1.0
14.214213007233097,363.8960739956338,73.51357261391331,2507.585046349802,1.0
14.277107755052713,380.84628282773184,202.52899076488256,263.461446072066,1.0
14.340002502872329,389.37209359627104,106.65425503570123,-1677.0037674343894,1.0
14.402897250691943,394.2622677764506,-8.420467325777736,-3697.3603978194574,1.0
14.465791998511559,388.31288725831456,-358.43484460247873,-1663.4907109625578,1.0
14.528686746331175,349.1749294543783,-217.67012485830537,1208.148092900421,1.0
14.59158149415079,360.9322720366586,-206.4625053390332,-1423.9517058105403,1.0
14.654476241970405,323.20411503936805,-396.7882917468405,406.08444108588924,1.0
14.717370989790021,311.0204729422711,-155.38134830789977,1689.339723865499,1.0
14.780265737609636,303.6587736039736,-184.28709991847518,-835.618843956918,1.0
14.843160485429252,287.8390915907095,-260.4934212358785,2582.494532597709,1.0
14.906055233248868,270.89143752937446,140.5635848280649,-369.78011412854585,1.0
14.968949981068482,305.5205140314725,-307.00787528950127,-6090.8158989262165,1.0
15.031844728888098,232.27307173943333,-625.5970751292652,1200.6651144820576,1.0
15.094739476707714,226.8269734775835,-155.97681610718246,1662.896200083897,1.0
15.15763422452733,212.6528267098976,-416.42220082031645,-1905.5159998055287,1.0
15.220528972346944,174.4454348634183,-395.67071265521145,1249.5762898996795,1.0
15.28342372016656,162.8816073257845,-259.2386295510919,1066.4714881859081,1.0
15.346318467986176,141.83593840198077,-261.5198020426849,-1895.4977782329743,1.0
15.40921321580579,129.98516332716355,-497.67233906029264,-2453.8353287863483,1.0
15.472107963625406,79.23398587798947,-570.1865104324398,302.4986606690991,0.0
15.535002711445022,58.26168975957324,-459.62118510318345,1889.7361325394886,0.0
15.597897459264637,21.418468818755173,-332.4775554290684,-553.2337526796364,0.0
15.660792207084253,16.4395057507874,-529.2121798233627,512.4045204122745,0.0
15.723686954903869,-45.150864367364186,-268.0224492431458,2583.004695960502,0.0
15.786581702723485,-17.27490295949957,-204.29732188472332,-2132.8480388073895,0.0
15.849476450543099,-70.8493214476867,-536.3123283198375,-1476.6264949785955,0.0
15.912371198362715,-84.7373602439521,-390.04142393559175,1252.3160518000127,0.0
15.975265946182331,-119.91243544295267,-378.7841237829996,947.4087030718069,0.0
16.038160694001945,-132.38442413076402,-270.8673610119746,-1065.5850637946123,-1.0
16.10105544182156,-153.98470416977852,-512.8235315184309,-1982.5176354684422,-1.0
16.163950189641177,-196.89223751239723,-520.2472544734328,1389.279027701572,-1.0
16.226844937460793,-219.42634391768684,-338.0668233216875,4381.951078978693,-1.0
16.28973968528041,-239.41749271038967,30.956161667085553,1189.5299817767386,-1.0
16.35263443310002,-215.53238395466025,-188.4364468662177,-2625.963043712313,-1.0
16.415529180919638,-263.12081832174346,-299.3624051687334,2469.811394854278,-1.0
16.478423928739254,-253.18902991418264,122.2398828165301,246.44210767158393,-1.0
16.54131867655887,-247.74432511525333,-268.36257674045555,-5692.215997539127,-1.0
16.604213424378486,-286.94622309080927,-593.7810965834847,-2285.9383788297964,-1.0
16.667108172198102,-322.43574977459997,-555.9096124758194,4204.324761219006,-1.0
16.730002920017714,-356.8738128651417,-64.9212053662518,3568.313209210801,-1.0
16.79289766783733,-330.60215545390804,-107.053293606426,-2117.7375183958943,-1.0
16.855792415656946,-370.33999267441266,-331.3103397015502,-1391.39953014109,-1.0
16.918687163476562,-372.2775159850287,-282.07673873553813,3211.552832657044,-1.0
16.98158191129618,-405.8222833715154,72.66927133712625,3861.0782249386975,-1.0
17.044476659115794,-363.13648499506104,203.60634380312194,-2428.6727564454695,-1.0
17.10737140693541,-380.2107440755726,-232.83224976889278,-2695.5370348796177,-1.0
17.170266154755023,-392.42433626203723,-135.4639002912768,-867.143133146543,-1.0
17.23316090257464,-397.2506797705346,-341.9097471344339,2639.8214891361226,-1.0
17.296055650394255,-435.43299090821506,196.5979134047625,7684.343272847795,-1.0
17.35895039821387,-372.5207273996241,624.6999174758157,-3714.5484840527415,-1.0
17.421845146033487,-356.85230336306233,-270.65326693170573,-4488.545321083716,-1.0
17.484739893853103,-406.5660653400738,60.08806538286035,1953.325570424214,-1.0
17.547634641672715,-349.2938559246214,-24.945428608812108,-2827.606446315682,-1.0
17.61052938949233,-409.70393822328725,-295.59512336543094,1426.4450301218476,-1.0
17.673424137311947,-386.47661740617554,154.48637228730422,6548.40147678257,-1.0
17.736318885131563,-390.27117537013265,528.1249956422507,2596.6594663819487,-1.0
17.79921363295118,-320.0440405698652,481.11885691032694,-2048.1340808244963,-1.0
17.862108380770795,-329.75147701685876,270.4912426138153,-3380.1602170802594,-1.0
17.92500312859041,-286.01908358664423,55.93020802400406,-463.4596522657728,-1.0
17.987897876410024,-322.7160443585177,212.1928867061506,2464.2801585527513,-1.0
18.05079262422964,-259.32744738963993,365.9107662821125,-1618.7668960421274,-1.0
18.113687372049256,-276.68831361892586,8.569015295526242,-665.8891321368906,-1.0
18.176582119868872,-258.24955527749086,282.1489081989671,194.34996690523448,-1.0
18.239476867688488,-241.1969447614178,33.01619961003712,2894.9853090182773,-1.0
18.302371615508104,-254.09646418062005,646.3076501033624,4061.3571687228587,-1.0
18.36526636332772,-159.8982314271386,543.8922694744649,-5107.663815621177,-1.0
18.428161111147332,-185.68052992134503,3.817194841662058,314.58532040316277,-1.0
18.49105585896695,-159.41806841324632,583.463798263547,4790.495559870877,-1.0
18.553950606786564,-112.28691301402283,606.4112151798001,-1871.4556402991443,0.0
18.61684535460618,-83.13790750580544,348.0543371591216,-2497.0772098150883,0.0
18.679740102425797,-68.50533348772971,292.3051323849394,-719.8764662739088,0.0
18.742634850245413,-46.368992330344966,257.50143954397396,1427.404600320553,0.0
18.805529598065025,-36.11435728111728,471.8576371323623,568.2666017684519,0.0
18.86842434588464,12.98574185805518,328.9834087690256,-2600.485500786136,0.0
18.931319093704257,5.268299781613752,144.74387757133854,329.15693200197666,0.0
18.994213841523873,31.1930012146206,370.3878932317112,-31.322459970152522,0.0
19.05710858934349,51.85920606210843,140.80384112951302,-3530.634847004539,0.0
19.120003337163105,48.9046453743686,-73.72888345928692,-419.77993872680804,0.0
19.18289808498272,42.58488699772101,87.99993435760013,152.65939923343325,0.0
19.245792832802334,59.974112733495005,-54.52593462510856,-1749.7122485928605,0.0
19.30868758062195,35.7260971819687,-132.09548690667248,3520.1943103607978,0.0
19.371582328441566,43.3578880592859,388.2775322272704,3556.6441882231547,0.0
19.43447707626118,84.5673321288827,315.29299169812396,-1836.9001078155095,0.0
19.497371824080798,83.01843446357748,157.2147941255065,-657.3334224967432,0.0
19.560266571900414,104.34330178895586,232.60735201544844,-1096.2259844631433,0.0
19.623161319720026,112.27799595557798,19.321080433287307,-1423.0337071119259,0.0
19.686056067539642,106.77369075186326,53.604659720231666,-1405.3582963063018,0.0
19.748950815359258,119.02089906569859,-157.45823085149277,-2056.5973284387633,0.0
19.811845563178874,86.96709930880822,-205.09368095707237,712.0084589441312,0.0
19.87474031099849,93.22226837931488,-67.89504591004368,3174.404951637639,0.0
19.937635058818106,78.42661572738132,194.21311686410695,4717.436836907839,0.0
20.000529806637722,117.65223839617413,525.5089545145275,-2333.518422260949,0.0
20.063424554457335,144.53012206966272,-99.318988536892,-6446.813839903276,1.0
20.12631930227695,105.1589529207164,-285.43250688687874,2822.6874665189807,0.0
20.189214050096567,108.62571098932062,255.74544422371218,2798.1916973698353,0.0
20.252108797916183,137.3290433616485,66.55061542715941,-3287.181037001582,1.0
20.3150035457358,116.9970793383835,-157.74740049556453,-3136.5628325890502,0.0
20.377898293555415,117.48607741491149,-327.99604132497814,-730.1252550816298,0.0
20.440793041375027,75.73862272845336,-249.58948808575985,4721.7267606196565,0.0
20.503687789194643,86.09034159175347,265.9475864396413,2859.640944832183,0.0
20.56658253701426,109.19203549316691,110.12330407397735,-2984.869710013456,0.0
20.629477284833875,99.94269646934487,-109.51766893177205,-1252.3123945500972,0.0
20.69237203265349,95.41586315465491,-47.40444041923831,4848.370691727333,0.0
20.755266780473107,93.97971581794886,500.35643505264363,1239.6660085067122,0.0
20.818161528292723,158.35544675977113,108.53252155192092,-7843.637959997361,1.0
20.881056276112336,107.6319669644252,-486.2908279121199,-2673.9466597572427,0.0
20.94395102393195,97.18516878272499,-227.82188014509416,3373.156722574553,0.0
21.006845771751568,78.97436756539224,-61.983145067382,3790.4761394398765,0.0
21.069740519571184,89.38834022656566,248.98020166759125,2078.0934352411487,0.0
21.1326352673908,110.29346155731282,199.41918004280114,-3126.6947835587207,0.0
21.195530015210416,114.47317830493881,-144.32515817407796,-1235.602354973656,0.0
21.258424763030032,92.13887270254317,43.993383000017616,-453.898433378886,0.0
21.321319510849644,120.00708376397162,-201.4208131802195,-3437.576009370598,0.0
21.38421425866926,66.8022502013555,-388.41756944021836,-1962.3529862168975,0.0
21.447109006488876,71.14823360667017,-448.2642055825839,-124.54301979301545,0.0
21.510003754308492,10.415321868001257,-404.08377308536865,8001.757465527813,0.0
21.57289850212811,20.31873959426377,558.2728302336193,4067.3990383025302,0.0
21.635793249947724,80.64017961217482,107.55230050620398,-9489.83960822607,0.0
21.698687997767337,33.84768922978396,-635.4493077822953,-2136.823218363897,0.0
21.761582745586953,0.7073316819438062,-161.23761440191487,7200.762704957417,0.0
21.82447749340657,13.565691036094115,270.3310010920903,1883.1773950002685,0.0
21.887372241226185,34.712131964966524,75.64632031437172,-4641.984848302769,0.0
21.9502669890458,23.081203515402727,-313.581931740872,-2902.0329608668435,0.0
22.013161736865417,-4.733181070293847,-289.3989421614957,1752.0600831351758,0.0
22.076056484685033,-13.322143457619099,-93.19117755366727,954.5773714674751,0.0
22.138951232504645,-16.455652292795754,-169.32313605596622,-552.5875292889972,0.0
22.20184598032426,-34.6212153421524,-162.70088415945293,1632.9939670919484,0.0
22.264740728143877,-36.921714451270454,36.09035144643863,317.37438299912355,0.0
22.327635475963493,-30.081428236262255,-122.7785205931807,-794.0757137833059,0.0
22.39053022378311,-52.36596263201772,-63.796032089726594,1093.8391137807555,0.0
22.453424971602725,-38.10629893661323,14.814949839765063,-3251.7654774296584,0.0
22.516319719422338,-50.5023975637517,-472.8339714326264,-1313.8824801091607,0.0
22.579214467241954,-97.58384572421862,-150.45766466233914,4478.351500848868,0.0
22.64210921506157,-69.42839131668404,90.49560515435053,1142.5038531779005,0.0
22.705003962881186,-86.20044919428578,-6.742681205211852,-186.9776885361706,0.0
22.767898710700802,-70.27654978474376,66.97577601759622,276.44118261882863,0.0
22.830793458520418,-77.77560010898618,28.030715730323436,-1520.6237249142566,0.0
22.893688206340034,-66.7505801906197,-124.30271539641842,-2894.805072776622,0.0
22.956582954159646,-93.41157598528609,-336.1053543481246,-35.21013720464134,0.0
23.019477701979262,-109.02910319571383,-128.7317807967546,2620.727854853913,0.0
23.08237244979888,-109.60468176445002,-6.445319278364423,2302.0441818384093,0.0
23.145267197618494,-109.83985665697311,160.84119577592742,300.22406121883415,0.0
23.20816194543811,-89.37254886978513,31.319713961114644,-2848.983323447742,0.0
23.271056693257727,-105.90016563423949,-197.53097956514705,-1412.4929813779174,0.0
23.33395144107734,-114.21987116240821,-146.35706576037956,129.35182574735018,0.0
23.396846188896955,-124.31034711947511,-181.25987864437934,1325.1203976834165,0.0
23.45974093671657,-137.0204598767131,20.32916072547596,2185.8139442279175,-1.0
23.522635684536187,-121.75315224504861,93.69255496125083,-1540.8983408585352,0.0
23.585530432355803,-125.23492064298632,-173.49966440244862,-88.91698201649183,0.0
23.64842518017542,-143.57758752380863,82.50773263963367,3715.5527578138003,-1.0
23.711319927995035,-114.8563145679102,293.87784302390696,334.15022122483833,0.0
23.774214675814648,-106.6108418702859,124.54032043526422,-313.69108184989295,0.0
23.837109423634264,-99.19045047361045,254.41880005150188,-2593.690812188205,0.0
23.90000417145388,-74.60762933066886,-201.71873867400018,-2690.527189566521,0.0
23.962898919273496,-124.56454887239498,-84.02125812771123,3632.144073532093,0.0
24.02579366709311,-85.17662101352738,255.1668324246275,-409.37371497543313,0.0
24.088688414912728,-92.46724171784065,-135.51617126242968,-1670.5585572536181,0.0
24.151583162732344,-102.22313184758819,45.028114071891764,2181.189085892799,0.0
24.214477910551956,-86.80317795915317,138.85450374582024,-1251.9156020267937,0.0
24.277372658371572,-84.75669385416684,-112.44971808995922,-1457.3282934985107,0.0
24.340267406191188,-100.94817128246297,-44.46208727414012,694.1432359523574,0.0
24.403162154010804,-90.34955738744844,-25.133790538127755,71.13164875644873,0.0
24.46605690183042,-104.10973811775615,-35.51447305307943,1344.3335575042888,0.0
24.528951649650036,-94.81690504068841,143.96924963123126,3961.3640838920337,0.0
24.59184639746965,-85.99991881908538,462.78351710304605,1256.1890940620217,0.0
24.654741145289265,-36.60359983414568,301.9846422007652,-3898.04429303324,0.0
24.71763589310888,-48.01342298585718,-27.54950849699196,117.41945107933861,0.0
24.780530640928497,-40.06903861309104,316.7547757302707,2789.5511683304285,0.0
24.843425388748113,-8.168999505428381,323.3467260271231,-3193.7556338846416,0.0
24.90632013656773,0.6045829704577166,-84.98613465103415,-2166.5190977513785,0.0
24.969214884387345,-18.859362519509826,50.82138142821315,1582.9669719026185,0.0
25.032109632206957,6.997378907998943,114.1344823581571,974.5358388670346,0.0
25.095004380026573,-4.502443548634933,173.40775308164964,4504.573460663144,0.0
25.15789912784619,28.810252708072134,680.762506044844,1807.167937524106,0.0
25.220793875665805,81.13032873684564,400.7304964781981,-1684.8277230788526,0.0
25.28368862348542,79.21793974732373,468.82887651975943,3060.8235229767383,0.0
25.346583371305037,140.10407665537397,785.7499436741393,1003.8918982166215,1.0
25.40947811912465,178.05702886064722,595.1079320727647,-1228.7747970778319,1.0
25.472372866944266,214.9624032817112,631.1829816955362,1057.3590901208281,1.0
25.53526761476388,257.4532177841953,728.1125987286209,-2870.448874774656,1.0
25.598162362583498,306.55131984435496,270.1106654794312,-1372.014500671925,1.0
25.661057110403114,291.4303021616303,555.5275866793868,3738.885140710762,1.0
25.72395185822273,376.4308547864348,740.423141582457,555.1998465546922,1.0
25.786846606042346,384.56775570090326,625.3658953564805,-725.3262927683654,1.0
25.84974135386196,455.09531535329756,649.1847130412452,-840.7442540505945,1.0
25.912636101681574,466.22837333105537,519.609099677868,-1187.9519454115334,1.0
25.97553084950119,520.456681931332,499.75283698428393,-2533.539288326455,1.0
26.038425597320806,529.0920306395838,200.9164704171044,-286.2434035682445,1.0
26.101320345140422,545.7298634107143,463.7464236193773,-1954.8330276794024,1.0
26.16421509296004,587.4264593711629,-44.98099019360052,-134.21347233972892,1.0
26.22710984077965,540.0717273409133,446.8637786257168,5240.843297805046,1.0
26.290004588599267,643.6372287039401,614.2620449615088,-5597.411960451335,1.0
26.352899336418883,617.3394401669448,-257.2318487644616,-3082.585141167563,1.0
26.4157940842385,611.2801641855112,226.50521478905011,4094.4992519366406,1.0
26.478688832058115,645.8314168949153,257.81314703186126,-1485.9828887663243,1.0
26.54158357987773,643.7103499198123,39.584176682605175,370.5299055480209,1.0
26.604478327697347,650.8106905151144,304.4219169699991,-1259.2303364932739,1.0
26.66737307551696,682.0034293169942,-118.81377223846084,-2340.152220905907,1.0
26.730267823336575,635.8651660302398,10.055349383255816,4919.214535160319,1.0
26.79316257115619,683.2682866443902,499.9717430805349,2153.7323969307245,1.0
26.856057318975807,698.7563594262081,280.9722613350459,-5596.906618951835,1.0
26.918952066795423,718.6116456863401,-204.06031765729585,-5797.099250018493,1.0
26.98184681461504,673.0877149881153,-448.24192949535063,-2100.927921889572,1.0
27.044741562434652,662.2275194507635,-468.33498132617024,1942.0067292133265,1.0
27.107636310254268,614.1760938968866,-203.95788249960242,3424.3372574956343,1.0
27.170531058073884,636.5717602794927,-37.58932480716339,-4901.190256624559,1.0
27.2334258058935,609.4477516879743,-820.4761329123239,-3862.837850773763,1.0
27.296320553713116,533.364481336424,-523.4937497921301,3531.2421759548156,1.0
27.359215301532732,543.597736931332,-376.28296061898345,-2421.824232390313,1.0
27.422110049352348,486.03203750252504,-828.1337985113778,749.4445439580468,1.0
27.48500479717196,439.42720409478676,-282.01070942498563,5655.734700679341,1.0
27.547899544991576,450.5580525990983,-116.70178304366209,-3594.1909782794487,1.0
27.610794292811192,424.7473456655254,-734.1221798138354,-5431.955688434086,1.0
27.67368904063081,358.21319386274234,-799.9847494264432,3185.5061480344593,1.0
27.736583788450424,324.11766751609576,-333.418968096908,2659.3107087934914,1.0
27.79947853627004,316.2725900292791,-465.47139661930123,-4007.5090757363832,1.0
27.862373284089657,265.5662553008649,-837.5215135034325,-2542.570878221839,1.0
27.92526803190927,210.9211812586793,-785.3001050178407,1407.9304538586957,1.0
27.988162779728885,166.78375116523807,-660.418651817433,2809.167692607056,1.0
28.0510575275485,127.84745213582282,-431.936317798774,1287.2549263921414,1.0
28.113952275368117,112.45069960106326,-498.49550386744875,-3112.620478663941,0.0
28.176847023187733,65.14195412591161,-823.4712779262561,-2987.7535938509686,0.0
28.23974177100735,8.866662877325648,-874.323521532265,3680.425971740812,0.0
28.30263651882696,-44.838760673146275,-360.5123512034939,4461.411236552563,0.0
28.365531266646578,-36.482003952270745,-313.1248522471576,-4732.483067091811,0.0
28.428426014466194,-84.22657790942527,-955.8090093341785,-5176.869372538524,0.0
28.49132076228581,-156.71273716385107,-964.3206396089661,2550.194108535583,-1.0
28.554215510105426,-205.52798480033874,-635.0213786393467,3830.687549550662,-1.0
28.61711025792504,-236.5917561030243,-482.46038479950266,939.5470044369922,-1.0
28.680005005744658,-266.216433270178,-516.8362348218661,-2800.7552799878986,-1.0
28.74289975356427,-301.6043254093444,-834.7659788780707,1151.7945427572681,-1.0
28.805794501383886,-371.22122473003924,-371.95258020836945,4708.407192491818,-1.0
28.868689249203502,-348.3920528754662,-242.4978128703924,-1910.5657143582253,-1.0
28.931583997023118,-401.7249023046228,-612.2816778030997,271.69649262765483,-1.0
28.994478744842734,-425.41065631546087,-208.32124809581137,1060.399180839801,-1.0
29.05737349266235,-427.9295270335302,-478.8945996690063,-4285.130155902974,-1.0
29.120268240481963,-485.65056647217233,-747.3456091552953,-1938.7109854131008,-1.0
29.18316298830158,-521.9377542773655,-722.7640767143353,5272.6395202376925,-1.0
29.246057736121195,-576.5666951482237,-84.10294321711353,3336.7126600776896,-1.0
29.30895248394081,-532.5170210864211,-303.0406741101224,-3658.397924873872,-1.0
29.371847231760427,-614.686028702709,-544.2909730346109,351.04633072934394,-1.0
29.434741979580043,-600.9831080654317,-258.88273322167515,2202.872707561232,-1.0
29.49763672739966,-647.2507571443693,-267.1927261930541,4008.576728251231,-1.0
29.56053147521927,-634.5931463317298,245.35411165616642,444.47632659986584,-1.0
29.623426223038887,-616.3877871861289,-211.28227324653471,-6595.114929419139,-1.0
29.686320970858503,-661.1702369209218,-584.2420689982364,1472.3367495500488,-1.0
29.74921571867812,-689.8793023766385,-26.077776109527804,4029.773945543496,-1.0
29.812110466497735,-664.4505472251321,-77.33883684820194,-2319.585328427351,-1.0
29.87500521431735,-699.6077156570987,-317.8572446645667,2912.0828484496683,-1.0
29.937899962136964,-704.4336497167646,288.97059591788184,5154.906834841366,-1.0
30.00079470995658,-663.2582501420183,330.57588615730856,-369.6445491846098,-1.0
30.063689457776196,-662.8506757265446,242.47319451015846,-1370.5876282203972,-1.0
30.12658420559581,-632.7576692985521,158.17035967409356,-1752.5509404019404,-1.0
30.189478953415428,-642.9545059580645,22.0206956349366,2240.485483261737,-1.0
30.252373701235044,-629.9876971010083,439.9998986006085,1229.2302944317971,-1.0
30.31526844905466,-587.6071406317807,176.64495439597704,-1858.3351868626487,-1.0
30.378163196874272,-607.7676173803203,206.24085271650802,4093.960061157346,-1.0
30.44105794469389,-561.6642077883629,691.6221256561303,3065.916380113024,-1.0
30.503952692513504,-520.7688190211022,591.9009278429853,-1133.821139839757,-1.0
30.56684744033312,-487.2092886066003,548.999336330588,-2896.0256788630677,-1.0
30.629742188152736,-451.7104693978044,227.6113183405355,-3355.0171418646905,-1.0
30.692636935972352,-458.5781756707637,126.9734221944509,1701.8990805990445,-1.0
30.75553168379197,-435.73854666037715,441.692345317962,5816.044877114973,-1.0
30.81842643161158,-403.01791832551,858.5707739018562,1869.5395126479034,-1.0
30.881321179431197,-327.7393620406781,676.8607776915169,-6407.227762496564,-1.0
30.944215927250813,-317.8759424817157,52.608825211728345,1398.8702803271835,-1.0
31.00711067507043,-321.1217244511223,852.8239647185844,6845.6942401934975,-1.0
31.070005422890045,-210.59964609071474,913.7252509860641,-1578.8874339898248,-1.0
31.13290017070966,-206.1846859767546,654.216510725883,-930.8508624410833,-1.0
31.195794918529273,-128.30608116765416,796.6339904842367,-4033.7367861254334,-1.0
31.25868966634889,-105.97649810467962,146.8147948577174,-973.7385219543712,0.0
31.321584414168505,-109.83832217012457,674.1479129231052,8193.053768051052,0.0
31.38447916198812,-21.175772151841297,1177.4148960859686,-3263.0127723096684,0.0
31.447373909807737,38.26810376664821,263.69518202989974,-2758.223067099717,0.0
31.510268657627353,11.99431179819527,830.4594076149997,10821.115295720241,0.0
31.57316340544697,142.7311737993944,1624.877817332528,-1345.651072641278,1.0
31.636058153266582,216.38687291582764,661.1906378811659,-9671.277064550579,1.0
31.698952901086198,225.90201065984238,408.3327531955124,1258.3449614158144,1.0
31.761847648905814,267.75084399327017,819.4772159178301,5176.4996656680505,1.0
31.82474239672543,328.9836363379883,1059.4820353165496,-1584.9049398818734,1.0
31.887637144545046,401.02255485456595,620.112822893962,-3597.1841902239357,1.0
31.950531892364662,406.98731556924014,606.9940503068615,2434.1214263923894,1.0
32.01342664018428,477.3760302986807,926.2997294445086,571.9271120407457,1.0
32.07632138800389,523.5060913468201,678.9364732728995,-4130.03592933409,1.0
32.13921613582351,562.779106842757,406.7845929216637,-2608.959295401236,1.0
32.20211088364312,574.6753201242494,350.75679936106735,1612.8817418257922,1.0
32.265005631462735,606.9006277264144,609.6681737516446,3849.0456441515907,1.0
32.327900379282354,651.3651722077619,834.9263096312752,1240.4365102144839,1.0
32.39079512710197,711.9255871108558,765.7020567440468,-4661.676486444761,1.0
32.45368987492159,747.6824477355156,248.53637556807098,-1842.7177611322168,1.0
32.5165846227412,743.1888524415707,533.9075189656796,924.7163417867237,1.0
32.57947937056082,814.8424052642108,364.8559778107274,-5332.178744630277,1.0
32.64237411838043,789.0839018713517,-136.82455597955868,-1601.1721776304146,1.0
32.70526886620004,797.6313133764812,163.44533715503803,3397.505978884423,1.0
32.76816361401966,809.6436083966687,290.5460075355686,2127.081665668741,1.0
32.831058361839276,834.1789491243713,431.009867062965,-2417.918711872708,1.0
32.893953109658895,863.8601221900523,-13.602767727626997,-3678.5988989365474,1.0
32.95684785747851,832.4678638326222,-31.719233093345792,1925.411687931075,1.0
33.01974260529813,859.8701758571839,228.5937973951368,-554.6611083535435,1.0
33.08263735311774,861.222562313216,-101.48977416376874,-3941.4547519681673,1.0
33.14553210093735,847.1038283525846,-267.1998079397654,-393.6012831283955,1.0
33.20842684875697,827.6116332375728,-151.00068105141236,1265.269533349586,1.0
33.271321596576584,828.1095288419447,-108.04219149202618,-2256.1052674654293,1.0
33.334216344396204,814.0210604620321,-434.7950247549452,-3676.5839930337406,1.0
33.397111092215816,773.4168819715757,-570.5178376510357,1578.0845419910331,1.0
33.46000584003543,742.2559094107272,-236.28856614183587,1088.0939910145007,1.0
33.52290058785505,743.6942624112806,-433.6470433133027,-3476.344140359405,1.0
33.58579533567466,687.7076665469091,-673.5761422260402,1682.5277380967227,1.0
33.64869008349428,658.9654592060506,-222.00272773901997,2760.962792790772,1.0
33.71158483131389,659.7820553940805,-326.27602504214065,-3095.657821367542,1.0
33.77447957913351,617.9233625768215,-611.4039637605074,-3328.380845437211,1.0
33.837374326953125,582.873859160818,-744.9513728849852,1229.4622571491946,1.0
33.90026907477274,524.216305105871,-456.7505265262471,1059.6860130371042,1.0
33.96316382259236,525.4194407961347,-611.6540037691493,-5421.056051915168,1.0
34.02605857041197,447.2766564660417,-1138.6624331286203,-953.4659128427111,1.0
34.08895331823159,382.18766762954647,-731.5900000547285,3920.9626563913844,1.0
34.1518480660512,355.2503193444473,-645.446518160848,-2967.780104916944,1.0
34.21474281387082,300.99727564799196,-1104.9055626204397,-3665.233433874675,1.0
34.27763756169043,216.26480589344365,-1106.4943832080453,2936.123370043384,1.0
34.340532309510046,161.81190525661668,-735.5720847681409,2874.7094215743064,1.0
34.403427057329665,123.73756434416268,-744.8861349589082,156.91833000188035,1.0
34.46632180514928,68.11305403148067,-715.833407180658,-691.106123437422,0.0
34.5292165529689,33.6932410931971,-831.8200256593029,-2203.2031086918014,0.0
34.59211130078851,-36.521167458812045,-992.9732150137826,554.3740910192746,0.0
34.65500604860813,-91.21235880665157,-762.0855883544865,2068.692722051126,0.0
34.71790079642774,-132.3835292518518,-732.7534008743985,183.34645322621145,-1.0
34.780795544247354,-183.38503953056895,-739.0225304759206,-1508.7190231315117,-1.0
34.843690292066974,-225.34480062644585,-922.5344058554463,-2838.5000503362908,-1.0
34.906585039886586,-299.4301771529604,-1096.0760201796584,3445.2497982605964,-1.0
34.969479787706206,-363.21965038710067,-489.1581713809919,3474.8010383218043,-1.0
35.03237453552582,-360.96113681879183,-658.9825501223909,-3434.171411393307,-1.0
35.09526928334543,-446.11273300204647,-921.1408611588013,3044.374106204375,-1.0
35.15816403116505,-476.8309811566392,-276.0322667657024,2573.604879403555,-1.0
35.22105877898466,-480.83469261866105,-597.4084014038522,-4772.305693479715,-1.0
35.28395352680428,-551.9786826598773,-876.3381929847465,-841.5802692709149,-1.0
35.346848274623895,-591.0688319236118,-703.2703590154206,3498.3235540152496,-1.0
35.409743022443514,-640.44270641845,-436.28583754231204,3316.0516354717515,-1.0
35.47263777026313,-645.949007382604,-286.14589627576515,63.20449846585461,-1.0
35.53553251808274,-676.4368543902125,-428.335375558162,-4552.585676637527,-1.0
35.59842726590236,-699.8290982385056,-858.8133523944243,471.5753545360162,-1.0
35.66132201372197,-784.466552836138,-369.0161495552884,7353.414809682852,-1.0
35.72421676154159,-746.247453573783,66.16898774163474,-648.7230594517528,-1.0
35.7871115093612,-776.1431892411514,-450.6186960131563,-3207.3062761204483,-1.0
35.85000625718082,-802.9305520708862,-337.27645109202876,809.3169467367529,-1.0
35.912901005000435,-818.569023915009,-348.81512547084276,1705.4518584987718,-1.0
35.97579575282005,-846.8078307751964,-122.74852197448945,1348.7149595264138,-1.0
36.03869050063967,-834.0094985846367,-179.1609509509599,2806.721282101881,-1.0
36.10158524845928,-869.3443964335572,230.30753250095222,4965.411967819702,-1.0
36.1644799962789,-805.0392302294148,445.43571612206506,-3422.798393525137,-1.0
36.22737474409851,-813.3132623628542,-200.24455109525115,-3228.0504356517913,-1.0
36.29026949191813,-830.227891316192,39.380879923523025,4591.978404543523,-1.0
36.353164239737744,-808.3595613394493,377.37809639851275,1032.7685209122926,-1.0
36.416058987557356,-782.7576909049322,169.2923112811486,-1791.6734192173092,-1.0
36.478953735376976,-787.0643668877973,152.0044006449707,2247.9425596288083,-1.0
36.54184848319659,-763.6371340128605,452.05987208278475,902.4546038059839,-1.0
36.60474323101621,-730.1999835797671,265.52371009497347,-2391.3227898919363,-1.0
36.66763797883582,-730.2370404397523,151.25658443166867,-146.0664733973149,-1.0
36.73053272665544,-711.1734941119927,247.15008207654773,3922.872641757905,-1.0
36.79342747447505,-699.1481562681477,644.7127554953031,4598.872866876485,-1.0
36.856322222294665,-630.0754017660636,825.6399805098572,2937.140748958809,-1.0
36.919216970114284,-595.2913195402315,1014.1742089282689,1130.7325998998504,-1.0
36.9821117179339,-502.5029395346659,967.8742639541233,-4824.155206968548,-1.0
37.04500646575352,-473.54290403525675,407.34615855826223,-4682.050363341613,-1.0
37.10790121357313,-451.2630716990426,378.9215101918385,988.22475315777,-1.0
37.17079596139274,-425.87855838137193,531.6544518361757,2345.5152895507536,-1.0
37.23369070921236,-384.38652634821597,673.962695478534,1425.2704948276705,-1.0
37.29658545703197,-341.10113083746995,710.9385085300387,-281.9704206044553,-1.0
37.35948020485159,-294.95792992971434,638.4937784855051,3006.1287818810397,-1.0
37.422374952671206,-260.7853204729893,1089.0779318293744,4453.37607751096,-1.0
37.485269700490825,-157.96336617307168,1198.681709167392,-3161.2439955374666,-1.0
37.54816444831044,-110.00375284484426,691.4266440382354,-4007.903758176554,0.0
37.61105919613005,-70.98915734798015,694.5295168558091,-714.2055988092143,0.0
37.67395394394967,-22.639235212991487,601.5870819812978,-4321.330222480251,0.0
37.73684869176928,4.684178277527011,150.95156767948833,-2790.9511526076585,0.0
37.7997434395889,-3.6511136486412816,250.51474414110942,3915.184064216176,0.0
37.862638187408514,36.19630159322297,643.4405964519665,-2480.0001515720683,0.0
37.925532935228134,77.28695445285835,-61.44322411048404,-8196.487541759903,0.0
37.988427683047746,28.46738942192703,-387.59143743930326,6014.751452987474,0.0
38.05132243086736,28.532023023286193,695.1493275561056,6541.5078780798085,0.0
38.11421717868698,115.90987272917073,435.26153926426696,-7805.261942758116,0.0
38.17711192650659,83.28335251850767,-286.67063555547793,-3703.309859519791,0.0
38.24000667432621,79.84971806807238,-30.5759401604123,3730.0080724155277,0.0
38.30290142214582,79.43722042703371,182.52519860394023,2976.662368812651,0.0
38.36579616996544,102.80947074191538,343.85691790080693,-115.87306349378105,0.0
38.428690917785055,122.6908087018374,167.94958438892286,-2974.751152485955,1.0
38.49158566560467,123.93576425501543,-30.335529222604464,-1024.1974799192817,1.0
38.55448041342429,118.87491778097612,39.11629995493422,1035.969459354684,0.0
38.6173751612439,128.8561838976178,99.97854656727009,1451.8393630399996,1.0
38.68026990906352,131.45116872841567,221.74244118092656,681.8428624535921,1.0
38.74316465688313,156.749053735576,185.7472163405355,-381.0034335433693,1.0
38.80605940470275,154.8162173882799,173.81621143869324,988.4522662603745,1.0
38.86895415252236,178.61330730636843,310.08412837686706,-2907.4306818655973,1.0
38.931848900341976,193.8215435025347,-191.90802763918805,-3713.4917968886093,1.0
38.994743648161595,154.47329330050903,-157.03413181411588,3432.0384849562843,1.0
39.05763839598121,174.06829926348567,239.806362397856,2590.4508820488154,1.0
39.12053314380083,184.63841467761324,168.81737811695552,-4123.465917220444,1.0
39.18342789162044,195.30375211195502,-278.88233561482434,-3524.241553602802,1.0
39.24632263944005,149.55794633793542,-274.4951894215394,4546.094801695821,1.0
39.30921738725967,160.7751406792306,292.9686366186911,2888.9742447834824,1.0
39.372112135079284,186.41032337631236,88.90742374459319,-3223.9175096196896,1.0
39.435006882898904,171.95876067064194,-112.5663208988583,-651.0426592607635,1.0
39.497901630718516,172.25066264447932,7.013095996521088,-228.35635128760987,1.0
39.560796378538136,172.8409344789139,-141.2911511533723,-1356.362908646727,1.0
39.62369112635775,154.47772000261222,-163.60311018592665,-1706.391338790863,1.0
39.68658587417736,152.26138176361763,-355.93725702301674,1650.7279240944245,1.0
39.74948062199698,109.7045519624707,44.04112282357437,4223.097089212144,0.0
39.81237536981659,157.80129239097025,175.28399586451803,-1813.3807526015723,1.0
39.87527011763621,131.7534373958893,-184.06312744812385,-5498.230899710437,1.0
39.938164865455825,134.64808442348777,-516.3356959181019,349.1235848754882,1.0
40.001059613275444,66.80383062581143,-140.14704779079557,6456.730752939977,0.0
40.06395436109506,117.01905796654289,295.85320897252984,-127.17997423910606,0.0
40.12684910891467,104.01905656571218,-156.14495260574233,-4423.340158416269,0.0
40.18974385673429,97.37766313165551,-260.556518595374,235.15139339576206,0.0
40.2526386045539,71.2437835060881,-126.5653774316537,2736.424901818973,0.0
40.31553335237352,81.45706813914288,83.65698965907825,1696.3259065884354,0.0
40.37842810019313,81.76695404200112,86.81460279789201,-1769.2539099795783,0.0
40.44132284801275,92.37743323921114,-138.896567335018,-5723.484272255965,0.0
40.504217595832365,64.29522489091293,-633.1395971082325,-856.9816998905046,0.0
40.56711234365198,12.735122649744504,-246.6958631362902,6498.227467266831,0.0
40.6300070914716,33.263476690722136,184.26915854827132,3586.0768728657204,0.0
40.69290183929121,35.914247165399246,204.3949380250496,-2233.130521428804,0.0
40.75579658711083,58.97421285610753,-96.63520343886941,-7481.561144606865,0.0
40.81869133493044,23.758553663835862,-736.706864949085,-1452.1226616323515,0.0
40.881586082750054,-33.69577211979246,-279.2969806518918,4799.270255931702,0.0
40.944480830569674,-11.374072665916938,-133.0090800191034,694.778937162655,0.0
41.007375578389286,-50.42691721082679,-191.90108856541644,1650.0070933945701,0.0
41.070270326208906,-35.513213809174175,74.54448006019152,2453.357822169627,0.0
41.13316507402852,-41.050004661364184,116.70555450789101,-3685.388125230985,0.0
41.19605982184814,-20.83288096932676,-389.0386334474909,-5378.602768163165,0.0
41.25895456966775,-89.98697814689002,-559.8661749431685,3752.9106097865924,0.0
41.32184931748736,-91.25816474089001,83.0380993366606,4946.111694358554,0.0
41.38474406530698,-79.54165751248958,62.30272046542632,-618.4030068814176,0.0
41.447638813126595,-83.4211369565902,5.249496999266626,-2205.5975587785497,0.0
41.510533560946214,-78.88132593259124,-215.13828403646733,-2236.325572047216,0.0
41.57342830876583,-110.48327319822316,-276.05676879368775,999.4745248401948,0.0
41.63632305658545,-113.60636764694209,-89.41488765253018,387.19390081085066,0.0
41.69921780440506,-121.73072681867295,-227.35184329606727,24.793302617335712,0.0
41.76211255222467,-142.2048413478025,-86.29615062106484,-1046.918190148789,-1.0
41.82500730004429,-132.5858760809005,-359.0431544104679,-2453.105773738429,-1.0
41.8879020478639,-187.36869865380686,-394.87108864933657,5133.392740718844,-1.0
41.95079679568352,-182.2565111646083,286.6837293627316,4121.279680242585,-1.0
42.013691543503136,-151.30689692929766,123.54260371668897,-3507.213088013921,-1.0
42.076586291322755,-166.71614935313377,-154.48683607786597,746.2558531868112,-1.0
42.13948103914237,-170.7397181224344,217.4137511068093,-1.193351575442648,-1.0
42.20237578696198,-139.36778325637624,-154.6369471706612,-5902.353772849077,-1.0
42.2652705347816,-190.19142171423175,-525.0403530641943,1631.178487713951,-1.0
42.32816528260121,-205.41234445856952,50.548172096335065,7282.6868652395915,-1.0
42.39106003042083,-183.83299264074455,391.0451546127272,-2306.9353046116385,-1.0
42.453954778240444,-156.2229716876697,-239.64005634299133,-4511.037594792851,-1.0
42.516849526060064,-213.97719446309628,-176.3959892458015,3941.708483750381,-1.0
42.579744273879676,-178.41173420769297,256.18546578480937,677.6783982181157,-1.0
42.64263902169929,-181.75175393192518,-91.1511653283469,-60.5377111453131,-1.0
42.70553376951891,-189.87759332127456,248.5704576327646,4078.201681320131,-1.0
42.76842851733852,-150.48420143549197,421.84376727999916,-369.52810290520983,-1.0
42.83132326515814,-136.8140785965728,202.08770394375165,-2304.5250031508576,-1.0
42.89421801297775,-125.06369108151677,131.9587294456362,-2554.014990383235,0.0
42.957112760797365,-120.21505657441331,-119.18055355157537,-506.4604181314521,0.0
43.020007508616985,-140.05535280277672,68.25132888769588,1018.4632832382924,-1.0
43.0829022564366,-111.62975633692812,8.931429174073628,-1515.914845989471,0.0
43.14579700425622,-138.9318728316388,-122.43483502135189,1341.209950920602,-1.0
43.20869175207583,-127.03077248294098,177.64155244664653,1223.781089475435,-1.0
43.27158649989545,-116.58643154480511,31.503970996542535,1352.8979834324941,0.0
43.33448124771506,-123.06790386065097,347.82190743390174,3778.7382215528123,0.0
43.397375995534674,-72.83408923642143,506.8295460383325,-3048.387186086143,0.0
43.46027074335429,-59.31407088943235,-35.63317921705118,-4615.955611881633,0.0
43.523165491173906,-77.3163688781531,-73.80918227339777,953.2599809356745,0.0
43.586060238993525,-68.5984907011442,84.27691299793344,2695.5178865515995,0.0
43.64895498681314,-66.71521849811083,265.258653162454,1274.9296500042678,0.0
43.71184973463276,-35.2317385058938,244.64967064745014,-2627.940253712923,0.0
43.77474448245237,-35.940859819060215,-65.3086259220974,793.5258825992328,0.0
43.83763923027198,-43.446877621525246,344.4668911962784,3333.0216644550183,0.0
43.9005339780916,7.389456688940458,353.9504882042878,-2462.9111525232893,0.0
43.963428725911214,1.0763757709585242,34.65853951617134,-2426.4552841704517,0.0
44.026323473730834,11.749136894273963,48.72790181737492,3552.6288553062827,0.0
44.089218221550446,7.205833964125851,481.5419314184835,1877.8023020268924,0.0
44.152112969370066,72.32205357655454,284.9357062994555,-1687.07676815782,0.0
44.21500771718968,43.04775274915336,269.32539564722515,-735.835916884045,0.0
44.27790246500929,106.20035925785369,192.3752774413848,-1401.720587245839,0.0
44.34079721282891,67.24654187195097,93.00366995044044,1673.9896642590206,0.0
44.40369196064852,117.89924399350704,402.9455930137681,2631.033522057538,0.0
44.46658670846814,117.93286478719841,423.9600496999378,303.26779521426624,0.0
44.529481456287755,171.2289648164399,441.0934960173929,-3520.59323891051,1.0
44.59237620410737,173.41779318096874,-18.89359817348054,-1181.3790662572796,1.0
44.65527095192699,168.85234863138675,292.48841911423006,3533.5949691927362,1.0
44.7181656997466,210.20976390165885,425.5955307946215,-1313.383688226161,1.0
44.78106044756622,222.38779579635016,127.27854739141821,-1786.5997349497297,1.0
44.84395519538583,226.22006818372034,200.8600512260673,3288.8590697839536,1.0
44.90684994320545,247.6538803341495,540.9824710080857,572.9184442432233,1.0
44.96974469102506,294.26998036149,272.9271733699045,-4476.937495557158,1.0
45.032639438844676,281.9852518185891,-22.169238566384138,-2246.1117493602515,1.0
45.095534186664295,291.4813230235212,-9.610090731439868,686.3817686855514,1.0
45.15842893448391,280.77640335243626,64.17037793252848,2882.4011488163287,1.0
45.22132368230353,299.5532824986363,352.96569600813336,1813.8481117063443,1.0
45.28421843012314,325.175780231249,292.3334170702824,-3540.8624815950247,1.0
45.34711317794276,336.32575559039884,-92.43760967962089,-3976.1969619282654,1.0
45.41000792576237,313.5480999315571,-207.8303933329512,2019.1741370969423,1.0
45.472902673581984,310.1828752345452,161.55328663357068,1133.7409298966015,1.0
45.535797421401604,333.86980637605734,-65.21769357577114,-2409.7535798391755,1.0
45.598692169221216,301.9791744529012,-141.56840078925006,3443.6356603542354,1.0
45.661586917040836,316.06198864233016,367.95549930552806,1419.8639010786005,1.0
45.72448166486045,348.26411112822325,37.03556320387452,-8112.965601053436,1.0
45.78737641268007,320.7206734584537,-652.5703517894631,-1631.591002439619,1.0
45.85027116049968,266.17761570751344,-168.20144608264673,3839.7317132117714,1.0
45.91316590831929,299.56269838992927,-169.57243619461724,339.40991511609025,1.0
45.97606065613891,244.84718448426682,-125.50724404523407,5378.335307214991,1.0
46.038955403958525,283.7752054623986,506.96564947856405,560.4112076070419,1.0
46.101850151778144,308.6181378385895,-55.01340088990628,-6277.223000299103,1.0
46.16474489959776,276.85509751106474,-282.64306574408465,513.9671063152462,1.0
46.22763964741738,273.064609152718,9.63826218870281,2019.1119592396547,1.0
46.29053439523699,278.06748965061934,-28.659990752149497,-5191.967580787892,1.0
46.3534291430566,269.45948337098025,-643.4567211738129,-3799.5954238983372,1.0
46.41632389087622,197.1273932284843,-506.6091827573705,3188.1573328525924,1.0
46.47921863869583,205.7333697857179,-242.4200182557804,1597.2769629089144,1.0
46.54211338651545,166.6335013992309,-305.6885191969309,2644.3079630117577,1.0
46.605008134335066,167.28096513322774,90.20614672622173,-110.21518270387742,1.0
46.66790288215468,177.98048709948026,-319.5524314410367,-6359.43195053837,1.0
46.7307976299743,127.08462595196252,-709.7435908840152,89.73727571401469,1.0
46.79369237779391,88.70219876900111,-308.2644247890214,4722.33663388666,0.0
46.85658712561353,88.30819943423786,-115.72324746876734,-1406.9533640444256,0.0
46.91948187343314,74.14542983617238,-485.24437884002697,-4863.167200860408,0.0
46.98237662125276,27.269553758174755,-727.4585968742396,3625.910906236333,0.0
47.045271369072374,-17.36122016306188,-29.1428747118741,6672.655600074533,0.0
47.10816611689199,23.60368624669099,111.8913856333857,-2249.6952587295714,0.0
47.171060864711606,-3.2864591978711477,-312.1309066495023,-6490.041511854936,0.0
47.23395561253122,-15.65910307416776,-704.4876628205292,265.14373458770024,0.0
47.29685036035084,-91.90360698813409,-278.77861000372076,5463.143000136886,0.0
47.35974510817045,-50.72652382155522,-17.281660228290775,423.2797452136856,0.0
47.42263985599007,-94.07745831206893,-225.53446433904173,-2716.8438762766245,0.0
47.48553460380968,-79.09639034003422,-359.0320811556719,-1714.6305138296896,0.0
47.548429351629295,-139.23992271894218,-441.2169718813035,893.8096924924075,-1.0
47.611324099448915,-134.59685070044532,-246.60021073956364,934.9023468727733,-1.0
47.67421884726853,-170.25963885239563,-323.61607719621225,-725.8591632420514,-1.0
47.73711359508815,-175.3043538317002,-337.9056687888892,325.3655425783759,-1.0
47.80000834290776,-212.76462250298368,-282.68850969690106,3612.2488005857567,-1.0
47.86290309072738,-210.86359888947513,116.47728596025286,2122.3238931043434,-1.0
47.92579783854699,-198.1130034486181,-15.722457600154257,-1094.1238912619258,-1.0
47.988692586366604,-212.84131890120761,-21.15200648841096,-3415.14152764723,-1.0
48.05158733418622,-200.77370367655007,-445.311387899543,-6079.468113088193,-1.0
48.114482082005836,-268.8568137874884,-785.8852341885777,1019.9381965506122,-1.0
48.177376829825455,-299.62981091544685,-317.0138765721622,7048.500686258155,-1.0
48.24027157764507,-308.7338294321409,100.74211214862225,3329.3204748235034,-1.0
48.30316632546469,-286.9575114386373,101.7796667772077,-1849.396175230225,-1.0
48.3660610732843,-295.9310164819033,-131.892499970686,-3265.252319510985,-1.0
48.42895582110391,-303.5482024885464,-308.95477562888846,861.8455814159202,-1.0
48.49185056892353,-334.794281883596,-23.481378965424483,5964.057365378177,-1.0
48.554745316743144,-306.50191330552747,441.26099232545903,-3584.4082832638223,-1.0
48.617640064562764,-279.28828421370963,-474.3622890824222,-6951.0096180186465,-1.0
48.680534812382376,-366.171706399464,-433.1030017086655,7936.8515069280365,-1.0
48.74342956020199,-333.7680923584771,524.0102589374778,4513.946029750473,-1.0
48.80632430802161,-300.2567202179352,134.70399271620818,-4943.0809189272095,-1.0
48.86921905584122,-316.82374505410877,-97.77739675830526,2072.442880128362,-1.0
48.93211380366084,-312.5560896410772,395.39553734875426,-982.6447649093726,-1.0
48.99500855148045,-267.08713983301044,-221.38378612866154,-6526.340288208701,-1.0
49.05790329930007,-340.40384444091865,-425.5495158749718,5283.194015505396,-1.0
49.120798047119685,-320.61679880445297,443.18652444584995,7381.127932366099,-1.0
49.1836927949393,-284.65563505677414,502.91884398595494,-4352.489875815574,-1.0
49.24658754275892,-257.35489107199516,-104.31098180793015,-3677.9056868922444,-1.0
49.30948229057853,-297.7768608480191,40.276942623031346,5442.4862945705945,-1.0
49.37237703839815,-252.2884747735441,580.2966242095824,713.2638961360562,-1.0
49.43527178621776,-224.78164116754476,129.9980483757713,-2313.429475610181,-1.0
49.49816653403738,-235.93608583427573,289.2914972757137,875.8275879001665,-1.0
49.56106128185699,-188.39180963252107,240.1679589246819,1002.0832340299062,-1.0
49.623956029676606,-205.72547941243792,415.343041872859,1713.9112277431643,-1.0
49.686850777496225,-136.14601787805992,455.7599878328963,-2641.9734440414895,-1.0
49.74974552531584,-148.39566041038609,83.01053485468185,1114.238832176347,-1.0
49.81264027313546,-125.7041645659427,595.919528554106,362.076748064085,0.0
49.87553502095507,-73.43524347199947,128.5559863764671,-5021.926506248885,0.0
49.93842976877469,-109.53317187825293,-35.786073804197486,3139.774541290664,0.0
50.0013245165943,-77.93675564674545,523.506642346239,2606.325016239569,0.0
50.064219264413914,-43.68153537373541,292.0622354604726,-1218.945380589551,0.0
50.127114012233534,-41.19839435290958,370.17611771014265,707.0826179466981,0.0
50.190008760053146,2.882731770707725,381.0058013472631,-3059.10969903129,0.0
50.252903507872766,6.728133234179532,-14.627748436132052,-2208.1421531741457,0.0
50.31579825569238,1.0427146725901855,103.24471359970143,1037.8400996979146,0.0
50.37869300351199,19.715233685302202,115.92163425903153,356.033583928133,0.0
50.44158775133161,15.624438579706712,148.02999855265168,3030.672297233872,0.0
50.50448249915122,38.33585254271347,497.1483739758371,-379.18108200467134,0.0
50.56737724697084,78.1604817999935,100.33300149126154,-4961.795715957584,0.0
50.630271994790455,50.95669019627714,-126.99340659938878,-1067.1817666390996,0.0
50.693166742610074,62.18604523435283,-33.90725468961921,1590.695123781712,0.0
50.75606149042969,46.69151373036196,73.09933073689695,5194.08415489576,0.0
50.8189562382493,71.38117317931199,619.4539714624082,959.0752516534567,0.0
50.88185098606892,124.61231637234076,193.74092292234502,-4734.009816928501,1.0
50.94474573388853,95.75174615840236,23.96526423976991,-567.1529218614716,0.0
51.00764048170815,127.62689487392922,122.39904293110408,-2701.022932026751,1.0
51.07053522952776,111.14826003543608,-315.79504808981414,-202.96289598241935,0.0
51.13342997734738,87.90319504934372,96.86844261209376,5837.131788097714,0.0
51.196324725166996,123.3332925749626,418.4548155147362,-620.3050313624344,1.0
51.25921947298661,140.5404152407473,18.840585574539546,-1738.2188292339263,1.0
51.32211422080623,125.70324033192811,199.80514567484988,-142.38615373143196,1.0
51.38500896862584,165.67380374130374,0.9299031106954772,-3119.4509029227793,1.0
51.44790371644546,125.82021237520685,-192.58901007515283,1458.7655087262692,1.0
51.51079846426507,141.448129298285,184.42728070921612,922.1756094791605,1.0
51.57369321208469,149.0192269977333,-76.58900526803995,-788.8622136343193,1.0
51.636587959904304,131.81403695411055,85.19670072725921,3867.3508281164877,1.0
51.69948270772392,159.73607701234124,409.8831048606719,-2893.8172004579637,1.0
51.762377455543536,183.37302598557648,-278.81510539059695,-4560.006975265433,1.0
51.82527220336315,124.664065528668,-163.7178726694376,3559.750891822003,1.0
51.88816695118277,162.7790373553709,168.96416389302374,-760.7533636674136,1.0
51.95106169900238,145.9179824858822,-259.41265459092483,-1413.0698139826045,1.0
52.013956446822,130.14765037194428,-8.785175310794784,4079.1668792214437,1.0
52.07685119464161,144.8128997144316,253.7036897745993,-3078.972241559,1.0
52.139745942461225,162.0609095505015,-396.0875406636752,-3583.2744752652284,1.0
52.202640690280845,94.9892477453546,-197.0345992058517,6431.610436138069,0.0
52.26553543810046,137.27602669290678,412.94149224610726,2444.4484019873453,1.0
52.32843018592008,146.93294978350062,110.45133239616007,-4202.302408349978,1.0
52.39132493373969,151.16964408770153,-115.66400822377523,-4309.347825125719,1.0
52.4542196815593,132.38363252542078,-431.61935706039503,-87.90201355044223,1.0
52.51711442937892,96.87646285494296,-126.72115817388817,4032.057703787703,0.0
52.580009177198534,116.4434419519018,75.57114788735169,825.2427110804141,0.0
52.64290392501815,106.38251943256742,-22.914293767164395,-4419.942969595155,0.0
52.705798672837766,113.56106449599903,-480.4112490121517,639.292100067152,0.0
52.768693420657385,45.95183071990693,57.50193706654056,4506.559270273139,0.0
52.831588168477,120.79420415786193,86.46656866386951,-1722.0789144292692,0.0
52.89448291629661,56.828416781789485,-159.1175010304612,3384.8785036642453,0.0
52.95737766411623,100.77889395587744,512.248728439977,-2300.074265356797,0.0
53.02027241193584,121.26392597409476,-448.4426828022854,-9283.086514855935,0.0
53.08316715975546,44.369515063062856,-655.4660422390223,2810.762679636341,0.0
53.146061907575074,38.813183112196526,-94.87826296934043,4118.548399079282,0.0
53.208956655394694,32.43482621702302,-137.3959163531411,-1464.260198641197,0.0
53.271851403214306,21.530220091245305,-279.06681484100704,1025.7999107157414,0.0
53.33474615103392,-2.6688476714722267,-8.361062957446023,-631.5971079424162,0.0
53.39764089885354,20.478486198825657,-358.51509649635136,-2740.801014699435,0.0
53.46053564667315,-47.76628083878854,-353.12504024402347,3749.6174033073667,0.0
53.52343039449277,-23.940934511043164,113.1473855058212,1080.940547914268,0.0
53.58632514231238,-33.53352828310976,-217.1540739058025,-3271.6182421393255,0.0
53.649219890132,-51.256635943659504,-298.38782309696734,-709.846631408712,0.0
53.712114637951615,-71.06758205536543,-306.44532365192043,4795.458047083259,0.0
53.77500938577123,-89.80423864683362,304.8304260046983,4662.9526573780295,0.0
53.83790413359085,-32.72311651273363,280.1051393092068,-7356.449848755443,0.0
53.90079888141046,-54.56995444716275,-620.5336901654546,-3187.4587625320237,0.0
53.96369362923008,-110.77973642580153,-120.84369080038891,5966.987032350698,0.0
54.02658837704969,-69.77082136413794,130.05059911980572,-2007.0284224701986,0.0
54.089483124869304,-94.42073715494215,-373.3067837965044,-1391.0615103916396,0.0
54.15237787268892,-116.72889341660382,-44.93032667541297,1735.226625281186,0.0
54.215272620508536,-100.07250028635265,-155.03350178256778,-2251.6525612854866,0.0
54.278167368328155,-136.230479413023,-328.1645667143065,2074.390360705524,-1.0
54.34106211614777,-141.35215562001585,105.9030154493961,4824.263353733297,-1.0
54.40395686396739,-122.90899251296702,278.67708738260535,-2482.1116687242725,0.0
54.466851611787,-106.29750535194749,-206.3205594796084,-2108.4513643738333,0.0
54.52974635960661,-148.86195162990967,13.456053678185185,2512.2839111537623,-1.0
54.59264110742623,-104.60487514646437,109.6983666069666,-3174.7192553281075,0.0
54.655535855245844,-135.06304942196329,-385.8902802456288,-164.6774441859983,-1.0
54.718430603065464,-153.14581887064253,88.98367395976175,2713.634009978842,-1.0
54.781325350885076,-123.86983795444432,-44.543626780854765,-2755.423540197139,0.0
54.844220098704696,-158.7489392173557,-257.61966343411257,-1003.5576371222013,-1.0
54.90711484652431,-156.27568548457424,-170.78063579938976,1198.156897655174,-1.0
54.97000959434392,-180.2313492595071,-106.90411158140978,3416.3354113373234,-1.0
55.03290434216354,-169.7230997621561,258.95847252721455,2704.866917141849,-1.0
55.09579908998315,-147.65709360880416,233.33973369715204,-2636.8060410256885,-1.0
55.15869383780277,-140.37141234780034,-72.72402947191858,-3065.8391718141047,-1.0
55.221588585622385,-156.80501259692676,-152.31062943637062,1241.3958581606357,-1.0
55.284483333442004,-159.53048960509383,83.43052941477504,3093.7795741845525,-1.0
55.34737808126162,-146.31032838092986,236.85434281927155,-2439.8887946201103,-1.0
55.41027282908123,-129.73670128189758,-223.4818514762851,-2550.4447487107554,-1.0
55.47316757690085,-174.42199776266048,-83.96481577671443,5622.622034180556,-1.0
55.53606232472046,-140.2985931099004,483.7849383732714,1589.081250858479,-1.0
55.59895707254008,-113.5669343668306,115.9249132984279,-1504.7123361509057,0.0
55.66185182035969,-125.71645673406503,294.50793252665665,1588.278295754837,-1.0
55.72474656817931,-76.52093007254257,315.7136390561501,-2064.340400634892,0.0
55.787641315998926,-86.00299731075872,34.83559470313753,-1660.9219041758333,0.0
55.85053606381854,-72.13897818454245,106.78711043373096,-1090.8177782831622,0.0
55.91343081163816,-72.57030054853035,-102.37782346144081,-775.8813832657338,0.0
55.97632555945777,-85.01703296239806,9.189382556828377,4252.5416911010725,0.0
56.03922030727739,-71.41437275146802,432.54725104700526,818.0929503974406,0.0
56.102115055097,-30.607132413062047,112.09688217341773,-2486.552185962736,0.0
56.165009802916614,-57.31376248014418,119.76510569414044,1198.2058670324516,0.0
56.227904550736234,-15.541940172609074,262.81859385941385,-3334.7475017082047,0.0
56.29079929855585,-24.253944113950634,-299.71110062984394,-1306.3696899524161,0.0
56.353694046375466,-53.242448358318555,98.49100944202809,3587.6544180824444,0.0
56.41658879419508,-11.864809711247029,151.57813914864823,-27.715461120066948,0.0
56.4794835420147,-34.17551068488396,95.00469556631374,3167.168010416821,0.0
56.54237828983431,0.08578302739196986,549.9746057836322,724.5983355807339,0.0
56.60527303765392,35.00551759102069,186.15155474003612,-3146.118872872119,0.0
56.66816778547354,23.501693210594762,154.22589954401684,1663.2004974067572,0.0
56.731062533293155,54.40551570916464,395.36470645572103,657.7035654506749,0.0
56.793957281112775,73.23442022921158,236.95809932213677,-1364.0872314374515,0.0
56.85685202893239,84.21235551052814,223.77686160527116,-105.0715000278517,0.0
56.91974677675201,101.38319878626957,223.74120832757728,-289.3772408541772,0.0
56.98264152457162,112.35664925976711,187.37624442875574,1573.4088349873682,0.0
57.04553627239123,124.95316206773488,421.6595121149388,5165.064713714933,1.0
57.10843102021085,165.39698662019308,837.087129710972,-795.3794383152863,1.0
57.171325768030464,230.24992992016766,321.6091337275484,-5964.600254837304,1.0
57.23422051585008,205.85203734474166,86.80307196538456,-3644.8941602288487,1.0
57.297115263669696,241.16884456262255,-136.88026434602193,-986.1331994630334,1.0
57.360010011489315,188.63393792968094,-37.24212582813607,873.071905050924,1.0
57.42290475930893,236.4841763381571,-27.056989752872596,-545.0891887246529,1.0
57.48579950712854,185.23045283515143,-105.80861995620444,5628.133228257518,1.0
57.54869425494816,223.1745633995931,680.9030504201412,5358.555515967574,1.0
57.61158900276777,270.8809041267144,568.2413757522829,-4945.485568583217,1.0
57.67448375058739,294.6533594568134,58.81291505691297,-5287.43098382314,1.0
57.737378498407004,278.278951048801,-96.86190093011828,1690.054937354905,1.0
57.80027324622662,282.4691497921573,271.40407322936835,376.53333596237195,1.0
57.863167994046236,312.4187325347594,-49.49796250813188,-1637.0909111705616,1.0
57.92606274186585,276.24282605309713,65.4752331976033,2538.101721389237,1.0
57.98895748968547,320.6548290955562,269.76857290649696,355.89010135617434,1.0
58.05185223750508,310.1768787783269,110.24246955023273,-1276.6010733861622,1.0
58.1147469853247,334.52217373830734,109.18556775276738,-4195.629342495758,1.0
58.17764173314431,323.91127627703463,-417.52362933141194,-2458.297187653597,1.0
58.240536480963925,282.0020869872503,-200.0423956135037,5970.051921182816,1.0
58.303431228783545,298.7480442263549,333.4461907742384,1161.1035570240806,1.0
58.36632597660316,323.9461151475639,-53.98776479042226,-5667.7700055526975,1.0
58.42922072442278,291.9569505226718,-379.4997396233957,-1092.4408837703713,1.0
58.49211547224239,276.20903430511515,-191.40535257563215,2905.1147137455364,1.0
58.55501022006201,267.8801677595345,-14.066825007234002,-214.3971648478007,1.0
58.61790496788162,274.4395754822081,-218.37426380827515,-1575.7653653668501,1.0
58.680799715701234,240.41097925450453,-212.28155556248907,2471.2765938259513,1.0
58.74369446352085,247.73678567449568,92.48637251416426,-1187.7161255382068,1.0
58.806589211340466,252.04479340656368,-361.6837679564371,-2058.615588923095,1.0
58.869483959160085,202.24076692235235,-166.4658441314591,5295.361029546553,1.0
58.9323787069797,231.1051388320995,304.4170251778371,-941.5281560381586,1.0
58.99527345479932,240.5332309834657,-284.90019600975506,-6913.508531732539,1.0
59.05816820261893,195.2676868685202,-565.2297261263614,-516.0296383557625,1.0
59.12106295043854,169.43326881373346,-349.811303953418,3488.1915303214128,1.0
59.18395769825816,151.26509937531853,-126.45187283418909,1914.1281152629354,1.0
59.246852446077774,153.52695150728218,-109.03409374559624,-2685.578102152495,1.0
59.309747193897394,137.5497557155772,-464.2693878037595,-2098.721358050768,1.0
59.372641941717006,95.12673937471521,-373.0311948621368,2052.6531108152594,0.0
59.435536689536626,90.62634985617325,-206.06718827199893,-190.41270498272297,0.0
59.49843143735624,69.2056516941877,-396.98311298517484,949.8864692361076,0.0
59.56132618517585,40.69004429647866,-86.5814483922648,1245.3351110126248,0.0
59.62422093299547,58.31461496921573,-240.33303746912225,-8402.668534324126,0.0
59.68711568081508,10.458672727800513,-1143.5488853484567,-1725.5970006657742,0.0
59.7500104286347,-85.53182255757804,-457.395013859262,9856.401775293243,0.0
59.812905176454315,-47.07681537347078,96.2829227833264,3067.838568428888,0.0
59.87579992427393,-73.42044226199297,-71.49314763403038,628.7000374018583,0.0
59.93869467209355,-56.06990235601169,175.36678339651934,-6182.918502121132,0.0
60.00158941991316,-51.36114302666892,-849.2393475941799,-9113.286092151357,0.0
60.06448416773278,-162.89529156688718,-970.9888777511255,9509.354594074848,-1.0
60.12737891555239,-173.5013442302983,346.93757064894646,8080.16163654244,-1.0
60.19027366337201,-119.25418953664847,45.41057919283662,-7531.633506698108,0.0
60.25316841119162,-167.78917037693432,-600.4628094981101,-1625.9426626454117,-1.0
60.316063159011236,-194.78610349352775,-159.11592827962818,5735.644255779416,-1.0
60.378957906830856,-187.80428274339314,121.02098860242268,-299.0922937948151,-1.0
60.44185265465047,-179.56293437546788,-196.73859706559142,-5130.99980364687,-1.0
60.50474740247009,-212.55193164104867,-524.4048888233167,-184.99523887406508,-1.0
60.5676421502897,-245.5275608513004,-220.0090548592907,2629.3178364438363,-1.0
60.63053689810932,-240.22675968785867,-193.66432430184113,-526.9183553310788,-1.0
60.69343164592893,-269.8884985285377,-286.28984901942727,2749.6932008067442,-1.0
60.756326393748544,-276.2390154026423,152.21819659024527,-464.9612506509061,-1.0
60.819221141568164,-250.7410483523337,-344.777090230697,-3346.230325193932,-1.0
60.88211588938778,-319.6083516907129,-268.70242830866755,5319.921041070944,-1.0
60.945010637207396,-284.54099128630617,324.4130943662135,2091.7178449911644,-1.0
61.00790538502701,-278.8005921716209,-5.586295567543402,-4853.123293625595,-1.0
61.07080013284663,-285.24368858824056,-286.05883701395305,-355.6254460295821,-1.0
61.13369488066624,-314.78378900274873,-50.32024106013978,3518.3548161418807,-1.0
61.19658962848585,-291.57344633163973,156.51324078837206,95.92173164042703,-1.0
61.25948437630547,-295.0960673831208,-38.25429481629408,-3019.5931553662867,-1.0
61.322379124125085,-296.3854347826161,-223.31985926083144,-974.3784928401735,-1.0
61.385273871944705,-323.18735984576796,-160.8208739923466,2674.8931954296495,-1.0
61.44816861976432,-316.6150114103776,113.15360668105404,4081.956213058652,-1.0
61.51106336758394,-308.95382473159805,352.6463392697269,-1908.8317821968974,-1.0
61.57395811540355,-272.2558062546203,-126.95738046154884,-4869.444459507781,-1.0
61.63685286322316,-324.9237295875335,-259.87862333497515,2839.419143117454,-1.0
61.69974761104278,-304.94580721133667,230.21172145964647,4676.71710359076,-1.0
61.762642358862394,-295.9655132548839,328.4032623731209,2093.730573822585,-1.0
61.82553710668201,-263.6361264711408,493.58103434523696,-1268.5581244558048,-1.0
61.888431854501626,-233.87820388750572,168.83197570883044,-2448.4427186436487,-1.0
61.95132660232124,-242.39883739895316,185.5926596655197,2694.351456834293,-1.0
62.01422135014086,-210.53259683383183,507.7530865388808,-179.82798988017703,-1.0
62.07711609796047,-178.528832733964,162.97218751675064,-4979.834020031638,-1.0
62.14001084578009,-190.03240756288238,-118.65772320798101,-655.7566940035484,-1.0
62.2029055935997,-193.4547278899964,80.48488371593976,3937.650174704666,-1.0
62.26580034141932,-179.90825463367023,376.6573062718637,1531.7128760614414,-1.0
62.328695089238934,-146.07519530522916,273.1582738598711,247.52324654453014,-1.0
62.39158983705855,-145.54781313515576,407.79313061368373,2270.6261205094593,-1.0
62.454484584878166,-94.77910308018477,558.779188344024,-2065.7529557295293,0.0
62.51737933269778,-75.25926085965801,147.94310819727684,-3583.662904182636,0.0
62.5802740805174,-76.16941411675131,107.99203908590675,105.77212190271598,0.0
62.64316882833701,-61.67499672999129,161.24813006410028,946.8480606259257,0.0
62.70606357615663,-55.886093163219854,227.09557907902837,1328.0926673640731,0.0
62.76895832397624,-33.108758375742894,328.30823685398536,535.5841888081986,0.0
62.83185307179586,-14.588365635151995,294.46644406154365,-538.0702517402416,0.0
