First_Derivative,Second_Derivative,Label
64.24480509357906,7171.929544962222,0.0
515.3215052040276,6230.572373113985,0.0
847.9853614513133,1790.757804287382,0.0
740.580026217354,-2346.3178932472792,1.0
552.8432170504352,-4707.549896634227,1.0
148.41969902322103,-2789.1725903200163,1.0
201.99460366331346,2345.637086242541,1.0
443.4762050543454,3735.3507349851006,1.0
671.8624886527198,-780.0014835083712,1.0
345.3602118459755,-3150.671742675765,1.0
275.5410792167586,2061.7991872101748,1.0
604.7128917145196,-20.714054262908576,1.0
272.9354687783825,-2616.1551339975276,1.0
275.6280568949851,713.7354280824875,1.0
362.7158882967292,1338.3503936847478,1.0
443.9784779051556,1250.5372838761418,1.0
520.0203425135628,-391.4790684102459,1.0
394.7345233365145,-3685.1909833969557,1.0
56.46202737781914,-1780.0432763459237,1.0
170.8237773889582,2621.8384388657378,1.0
386.2617622502885,-1165.1346937087553,1.0
24.262071915562046,-2560.867999146684,1.0
64.13146823897932,-95.69994573193654,1.0
12.224024009239656,-1004.1091881310713,1.0
-62.174920102746,476.7728053916203,1.0
72.19703473395202,-1919.5154143085206,1.0
-303.62979594034596,-955.5553324089838,1.0
-48.00178858515392,2848.3392311291,1.0
54.661359352817726,89.58355194186595,1.0
-36.733118768815075,-887.0848657674321,1.0
-56.92459850126215,-4319.082206523571,1.0
-580.0282911517897,-2770.280452935597,1.0
-405.39677945524863,4954.577985742237,1.0
43.20557477996408,2046.5487685202656,1.0
-147.9624420619948,-2695.607071059405,1.0
-295.87347913014264,441.2474830958299,1.0
-92.4581437112879,-420.19741163484105,1.0
-348.7298996085997,-5069.203147952307,1.0
-730.1106509850115,-2003.611050067323,1.0
-600.7631230537613,5054.546043295554,1.0
-94.30185351359205,841.5182734727823,1.0
-494.90896386242343,-6916.062671677341,1.0
-964.2698887931983,746.0982048778305,1.0
-401.05764697350537,6716.6041109664075,1.0
-119.39164526634863,506.4394501135466,1.0
-337.3528839719165,-3649.2867994227445,1.0
-578.4335912086398,-1938.8080051206507,1.0
-581.234565077347,-848.4950599023623,1.0
-685.1653568461371,1201.0933649101871,0.0
-430.1496364896708,1091.8615034619615,0.0
-547.8206490177674,-277.20688853980437,0.0
-465.01935118681337,3481.6580732842453,0.0
-109.86463599108492,-655.4068312504369,0.0
-547.4626459283066,-4806.523955708573,0.0
-714.4748601575444,-1730.3981858224433,-1.0
-765.1285609779524,519.3906403741785,-1.0
-649.1409734651393,2936.133191630069,-1.0
-395.79384767319993,2037.7633722747514,-1.0
-392.81174663459865,-1005.214074416057,-1.0
-522.2392191034528,87.97715081226488,-1.0
-381.7451452061473,498.90757116721807,-1.0
-459.48188735573467,-1276.7238793067372,-1.0
-542.3435980547038,2085.777313983832,-1.0
-197.1130110139561,4545.673081595614,-1.0
29.454326220038183,-2355.4638371246247,-1.0
-493.4056190823044,-3159.011217620985,-1.0
-367.91610156316983,3170.7243536392834,-1.0
-94.56180182699381,-668.9164086044307,-1.0
-452.05875922633595,-3130.039086450832,-1.0
-488.2878398427283,1394.9271384502567,-1.0
-276.59157802720347,4874.349753963106,-1.0
124.85415727750387,3842.9542125047697,-1.0
206.81169412843474,-3091.6650090492094,-1.0
-264.044824896263,-4593.562207843963,-1.0
-371.0101791836955,4117.384935255431,-1.0
253.87894946208235,6521.320221164411,-1.0
449.3034023384889,-842.1475330869666,-1.0
147.9456360212571,-3213.8545693709584,-1.0
45.034256999480476,-1657.4030517796753,-1.0
-60.53825793303076,-1269.8557979003103,-1.0
-114.7002633529537,6910.326217197919,-1.0
808.7081916308653,3897.0825380119177,-1.0
375.5117835680394,-9406.557825365362,-1.0
-374.5379729230981,-77.98112008709222,-1.0
365.70257780292286,5150.5730842022895,-1.0
273.3500175917188,-164.1698250023669,-1.0
345.0517383166966,2364.4267208265906,-1.0
570.7700622804145,-495.1018493346651,-1.0
282.77312639883894,-2745.2704196868176,-1.0
225.44388079471264,2465.0975198448245,-1.0
592.856500121633,2975.81000345138,-1.0
599.7695202470354,-1799.9735910767495,-1.0
366.4387299361563,-2617.0160728425144,-1.0
270.5763883644165,2118.6759312531376,-1.0
632.9459067514733,2627.522096430424,-1.0
601.0910676553403,-2654.6528674341216,-1.0
299.01846145969273,-1413.2810632459673,-1.0
423.3151555131477,3083.3900544360745,-1.0
686.8765412662252,3613.529589822224,0.0
877.8592200943222,-1404.8203035939923,0.0
510.16490381339315,-3581.003090624515,0.0
427.4066474421396,1788.603320503748,0.0
735.1524133982193,2455.853626341978,0.0
736.327236463478,-1147.349616456032,1.0
590.8278838223478,-535.4955521302709,1.0
668.9675210439564,350.14131717602504,1.0
634.8719835123757,335.2582224977414,1.0
711.1394837608541,-2985.3766278197922,1.0
259.3429632057828,-4586.077995236514,1.0
134.2590457778815,3844.6717438840246,1.0
742.962282767347,4642.799874343224,1.0
718.2745003253972,-3338.632185475668,1.0
322.99742403145365,-4758.337964445044,1.0
119.72556769684661,-185.41786725424527,1.0
299.67380402704566,3316.2811394712894,1.0
536.878899628834,1644.517750436808,1.0
506.5368624242533,-219.85897326720396,1.0
509.2229502697937,-3938.222187846849,1.0
11.149879699775738,-3191.1444469053677,1.0
107.81049978163719,4738.421665060478,1.0
607.1935510737449,-271.42205886173485,1.0
73.66845589207242,-4014.8018075334153,1.0
102.17365661265103,2200.980681842513,1.0
350.52870577273006,-2124.5707847592757,1.0
-165.0750308520619,-3336.8548825247326,1.0
-69.21258692135325,2309.513519004763,1.0
125.43750987553176,-636.9058109553972,1.0
-149.32864765113482,-710.8504147273804,1.0
36.01999473202977,-2240.3299755523317,1.0
-431.13862534132295,-2349.1432979807228,1.0
-259.4775559052614,2398.7449153499474,1.0
-129.4017122722862,-1604.6656219878187,1.0
-461.3276351647237,-1930.1822151110005,1.0
-372.1983596029231,-411.9479474945433,1.0
-513.1463597096849,1738.7296727953735,1.0
-153.48443100902614,4964.889171678439,1.0
111.38454510043039,-3999.515520403106,1.0
-656.5814711217772,-7962.68117493827,1.0
-890.237103831033,3392.525085771208,1.0
-229.83745163917456,2126.5050737650645,1.0
-622.7451031278315,-2161.410887081024,1.0
-501.72023699422334,3935.200721988831,1.0
-127.73818906971474,-1698.84782184297,1.0
-715.4174476716282,-7066.246109617278,1.0
-1016.5977232611372,2551.509784764058,1.0
-394.46431872759194,5159.408184854732,1.0
-367.59836989133487,-4717.383262594853,1.0
-987.8615800663267,-3438.6376812957888,1.0
-800.1428695075615,3453.657179833679,0.0
-553.4277853042358,2191.0474339392867,0.0
-524.5321178707028,226.51146448954205,0.0
-524.9350224295938,-1112.1073184573852,0.0
-664.4235365561561,141.7773719114116,0.0
-507.1009183238101,-717.9495699908721,-1.0
-754.7340508597217,-4179.553561146046,-1.0
-1032.8448527775274,1211.5686135680908,-1.0
-602.3314460266902,5428.068972698549,-1.0
-350.0507944068272,2667.753110913239,-1.0
-266.7561277149216,-2117.738264287449,-1.0
-616.4400225674481,-4578.805960512038,-1.0
-842.7218201176356,-65.59160957893255,-1.0
-624.6907580545349,1080.4769721900593,-1.0
-706.8091667360436,2616.48385665021,-1.0
-295.5645733783308,6146.620799773967,-1.0
66.37116355312446,-2517.6068380161073,-1.0
-612.2530677502587,-5622.722333190569,-1.0
-640.9082428583715,4478.991139958914,-1.0
-48.84303128222837,3522.439439981344,-1.0
-197.82236228337933,-1448.8761273801374,-1.0
-231.09642858909956,252.41819553871255,-1.0
-166.07080477640284,1823.9916296417673,-1.0
-1.6574414462811546,3152.0263099981057,-1.0
230.42099499984852,-2132.8994716225016,-1.0
-269.9537902308357,-3975.3292518036956,-1.0
-269.6336665844028,1398.6082261747697,-1.0
-94.02356686343046,2248.2341874036515,-1.0
13.170577927979139,2093.997411272802,-1.0
169.37931137043051,2777.7387582038577,-1.0
362.5809353399891,-2188.5818323030903,-1.0
-105.92129348013896,-1374.8146420120574,-1.0
189.64369492388505,6772.639441678769,-1.0
746.0056060350034,-1853.7953071934635,-1.0
-43.544281786355896,-6671.0886139697795,-1.0
-93.14726608088768,4472.167977779032,-1.0
519.0074725524037,5051.489151928623,-1.0
542.2770065672657,-3243.043696705314,-1.0
111.06664160787022,126.3028557628113,-1.0
558.164579091489,7643.461146405156,-1.0
1072.533764152241,199.35393993393336,-1.0
583.2412106495003,-9228.565224374432,-1.0
-88.32280089556389,-294.33756306700434,-1.0
546.2166370436212,8031.163299997459,-1.0
921.9131800074267,543.342552921149,-1.0
614.5634227349235,-3894.7636082006475,-1.0
431.9928300978422,-931.0679560560093,-1.0
497.4448541367874,2041.061318785401,-1.0
688.7369039565964,1323.6357375268103,-1.0
663.9443259703394,-521.2500686845324,-1.0
623.169120714854,20.633610055251665,0.0
666.5398173724036,-1176.8712452808177,0.0
475.13108033866047,-4139.37449498812,0.0
145.8499873859471,-3283.9150946333325,0.0
62.04905686267148,-3267.1500639556843,0.0
-265.1231713367242,1458.1649862559862,0.0
245.4708950425997,5883.031155165141,0.0
474.90035050138744,-2237.601569042121,0.0
-35.99587776873807,-2865.5076054275164,0.0
114.44959406430041,1672.4633330622073,0.0
174.38244137226593,-1767.8157548967765,0.0
-107.92305812724055,410.5898550824302,0.0
226.03033215768687,4156.132982771347,0.0
414.8748135851442,-1023.7310557482737,1.0
97.2557189849091,-3919.6454156136197,1.0
-78.17540632951011,-2094.692254495336,1.0
-166.23456322746506,3813.5534309802856,1.0
401.52955634673765,3127.604884357424,1.0
227.18527773462745,-3507.839678759734,1.0
-39.71982762773496,881.5860881626427,1.0
338.0795471271698,-36.89353982352509,1.0
-44.36064739446056,-4614.811843391177,1.0
-242.41530712294752,2917.19701698447,1.0
322.5920940522881,2956.1720288557854,1.0
129.4400814096432,-3112.3552846344433,1.0
-68.90950745197165,-2573.51026997212,1.0
-194.28047747253368,507.2595923782833,1.0
-5.101579168554736,1100.0531697501235,1.0
-55.90534407333587,-1700.3326758809103,1.0
-218.98556888652024,3331.31555068355,1.0
363.13915886227835,2547.165918550806,1.0
101.42114731744618,-3085.059973019875,1.0
-24.92897916066522,-3934.221085210288,1.0
-393.4625387243881,-2422.8643535144734,1.0
-329.6998641915327,4831.984212048174,1.0
214.35031824588884,1502.987604735327,1.0
-140.63981143985848,-2386.740381321805,1.0
-85.87655054237678,-2209.649345408153,1.0
-418.5904881383163,1377.3272724570847,1.0
87.37675239015903,5313.643481390316,0.0
249.81004539246493,-5630.467819915549,1.0
-620.8769548899634,-5183.020386181579,1.0
-402.1594748731735,6087.9679442854285,0.0
144.9254622895129,6117.170193599233,0.0
367.31627851901584,-1557.581074784469,0.0
-51.001875524853745,-5352.430564776937,1.0
-305.96326266828487,-2398.9880193031686,0.0
-352.7693685175612,2074.502750173267,0.0
-45.012608021783535,3488.738136072808,0.0
86.07724203639174,-1301.4759921245668,0.0
-208.7246166576876,-3309.0191142198105,0.0
-330.16260340188586,-1325.2697453515657,0.0
-375.4296295113945,1222.6289401302465,0.0
-176.36872566897335,3021.0777498477964,0.0
4.590216928860968,-22.86151809560124,0.0
-179.24446449977648,-1308.573462106241,0.0
-160.01457887636678,318.56585030123256,0.0
-139.17222686250193,1746.3349840551919,0.0
59.65601798508408,-155.8243662323482,0.0
-158.773295299172,-2866.1490689473912,0.0
-300.8754278246627,1787.7556828976021,0.0
66.1075903786882,2016.6169455848667,0.0
-47.20619934199374,-3621.0824466238128,0.0
-389.38654425019763,875.1848012383787,0.0
62.88285539690344,3557.4606288584177,-1.0
58.10463401032791,-4488.440549932433,0.0
-501.7158175857745,-1298.858026632507,-1.0
-105.27806206674336,4595.693244481483,-1.0
76.3741177501729,1447.4630190350824,-1.0
76.7975810541044,142.55272484452087,-1.0
94.30575311036341,-3143.805749490449,-1.0
-318.66015856201705,-425.5588824175088,-1.0
40.77491592626973,5153.747080046205,-1.0
329.6270872891598,-2055.0987232335237,-1.0
-217.73491595810492,-6075.001183637485,-1.0
-434.5442476083341,866.5792832543792,-1.0
-108.72834498610177,4116.8955730026855,-1.0
83.31797011906087,1402.403704011037,-1.0
67.67930962403739,-1259.5179215426197,-1.0
-75.11615398035906,-784.5642871661144,-1.0
-31.01063635514174,2908.4305217158762,-1.0
290.7338544480035,1078.525169693716,-1.0
104.65650077481541,-2722.5362314163626,-1.0
-51.73260496139619,-736.0898728436504,-1.0
12.064126924666198,706.1930567732179,-1.0
37.09906347403444,1069.9056606440113,-1.0
146.6470203586357,289.6468953123501,-1.0
73.5336003488444,-617.930312532019,-1.0
68.91787800503835,1932.9437524748694,-1.0
316.67762007167016,-1724.1774093216345,-1.0
-147.96552870608775,-4611.313177906661,0.0
-263.37713881175284,6056.300849051024,-1.0
613.8535005354931,4928.764388205698,-1.0
356.6096477052499,-3757.008500980248,0.0
141.26129608488066,-140.74713217533554,0.0
338.90513693622336,-350.05649313755646,0.0
97.22786636784554,-3396.0379595421873,0.0
-88.28076516627505,-750.9726672441741,0.0
2.763393316352051,2253.206508212771,0.0
195.1489450728445,-151.50709940950293,0.0
-16.29460830413231,934.5869612449947,0.0
312.71016755882107,1435.3650108255272,0.0
164.25923246577952,-4476.5945179881255,0.0
-250.3983990402562,-360.75090831471766,0.0
118.88055765747636,2173.6761535594587,0.0
23.027227999013945,-4109.352566931454,0.0
-398.03282914061475,542.2572964836248,0.0
91.23749983038262,5536.937541353795,0.0
298.4557515722048,-695.0519657094061,0.0
3.807263620713737,-1803.073777079302,0.0
71.6480105530743,-1588.1265649314114,0.0
-195.96237599327458,2542.140319349814,0.0
391.42255916824365,582.8304453481911,0.0
-122.64842822973662,-6180.445252056508,0.0
-386.01253191382307,2852.6152839255565,0.0
236.1806095880637,3473.0300385831224,0.0
50.85816497945046,-1687.8790051633732,0.0
23.863160828514268,-472.22480953530675,0.0
-8.542755640328181,-2124.8127482770246,0.0
-243.41596310506313,-1882.016864944775,0.0
-245.2807078662601,6407.39456994823,0.0
562.5669682102102,-570.2636359795436,0.0
-317.0138830176147,-5095.507770709855,0.0
-78.39438429317002,7477.266191044016,0.0
623.5476599140935,-2360.374516349271,0.0
-375.304704224441,-6484.021505595904,0.0
-192.07413498874908,4596.380983096255,0.0
202.87174140496614,-939.9499676015903,0.0
-310.30996733951355,-2180.6555939698655,0.0
-71.43182592337321,2972.1633300594876,0.0
63.556958906089676,1453.6792031411153,0.0
111.4257478609884,-202.46285265597476,0.0
38.08925878481446,-1750.3120258833173,0.0
-108.7451190861565,-331.4559231199107,0.0
-3.604414611088231,2481.047790674659,0.0
203.34463115963672,1388.2104594103473,0.0
171.01787891924593,-2442.0664665473846,0.0
-103.84167798484029,-2543.2738817685367,0.0
-148.89925994085013,-806.7470486045438,0.0
-205.32198233724486,2954.112315862757,0.0
222.69703833316976,3001.061982568782,0.0
172.18009083217237,-2194.8370105505655,0.0
-53.390402234307814,1062.1398670709993,0.0
305.78612900935434,218.28125575347147,0.0
-25.932913165580423,-3408.893109588401,0.0
-123.01681593382392,300.62216806130596,0.0
11.882197732823698,-1294.525454687042,0.0
-285.85451997102547,3203.048045684897,0.0
414.7919959077997,2410.5443498980376,0.0
17.3666380186491,-4195.309924539548,0.0
-112.93392355029465,1116.1392845605915,0.0
157.76523568665917,-49.06597747430533,0.0
-119.10590810983344,1563.4725295375513,0.0
354.433656622982,-1570.2525254942166,0.0
-316.6271813179111,-4932.017297969892,0.0
-265.9623117725604,2663.698272243067,0.0
18.438080882638104,-361.85178084518975,0.0
-311.4794647812347,-459.53388487033357,0.0
-39.36645472433807,6624.382742162011,0.0
521.7982992765575,3235.386252653897,0.0
367.61115019512954,-6304.422288574842,0.0
-271.2318007000099,-3707.1680734006172,0.0
-98.71165200779761,852.9704746641673,0.0
-163.93707489684795,-544.3384082872969,0.0
-167.18370584331905,3568.3935823063043,0.0
284.9293540637345,4311.040162038598,0.0
375.0998618199893,-3853.8158168142113,0.0
-199.8401938197689,-4175.5787711144385,0.0
-150.14408580033003,3972.5555235893244,0.0
299.86556189137747,-508.17196516245804,0.0
-214.06678099611304,-7738.448549624879,0.0
-673.5499781960826,4039.3623296437945,0.0
294.04256915389317,10126.828625410544,0.0
600.2986870192485,-4071.6392991895477,0.0
-218.12688471608533,-6851.773787459324,0.0
-261.58248193937044,1579.1781411591824,0.0
-19.4828628151718,3577.031259825183,0.0
188.37047611980606,1564.7836139203296,0.0
177.3504787644012,-3454.2884661785183,0.0
-246.14272783320612,-378.207616196456,0.0
129.77593347608897,4876.41534432746,0.0
367.25909885713196,-2397.674706071325,0.0
-171.82635850756688,-4502.625210898548,0.0
-199.12385547428718,121.73412700604581,0.0
-156.51348406939417,70.97851598446778,0.0
-190.19550374737983,2259.781713126526,0.0
127.74331787955123,4119.112758484839,0.0
327.9456126235459,-3430.6482087512427,0.0
-303.7961900149372,-3622.386324357636,0.0
-127.71253612785267,5584.435678802769,0.0
398.6671574513954,-975.620413115397,0.0
-250.43533582897766,-2728.232152591666,0.0
55.48421099015343,5713.519283871339,0.0
468.265373214198,-2860.879017587682,0.0
-304.3843177171195,-5208.983587238609,0.0
-186.97004501758423,1999.3845488577094,0.0
-52.88274372743474,11.072374375592517,0.0
-185.5772566293497,-1180.433896727558,0.0
-201.36892823224755,3026.5240064636882,0.0
195.12767168374546,5316.32684497151,0.0
467.3691442500165,-3715.6296691532807,0.0
-272.25951038125623,-3257.2035733896223,0.0
57.64714955903166,4270.786580849189,0.0
264.96057960656344,3096.1246678903844,0.0
447.10710996914787,1923.6352757398681,0.0
506.9336907357165,-3346.95769490009,0.0
26.094989601861357,-565.1629487472906,0.0
435.8421284588659,1663.02253588804,0.0
235.28575562789456,-738.3150137708958,1.0
342.96985525375226,251.3940853656095,1.0
266.90849083272064,-4470.917213457327,1.0
-219.42456607180566,-2852.3863873971404,1.0
-91.89175420617676,3327.471230867147,1.0
199.13636181300626,4452.665704541709,1.0
468.20681901821354,1845.9645118880428,1.0
431.3393067313243,-5335.484712166821,1.0
-202.94111191608386,-3930.558547494343,1.0
-63.08367053846155,7567.574504075669,1.0
748.980268163906,568.9902958759075,1.0
8.489331803471941,-6293.831494806095,1.0
-42.71762120600533,-117.13791791183063,1.0
-6.245387810886996,1789.6110722510007,1.0
182.3966529628333,-414.0626936082254,1.0
-58.33012520288753,-3692.8331010833454,1.0
-282.12296030230186,3594.670479742939,1.0
393.84166143321295,5840.980196831848,1.0
452.61099269593274,-1617.9048795743483,1.0
190.3262226392908,-6368.950209219656,1.0
-348.5360418731891,-3565.2970262793924,1.0
-258.1506921004477,1938.9203031442462,1.0
-104.64023485600751,620.8187298381129,1.0
-180.05821719072287,-413.54937863662553,1.0
-156.66040261663056,1493.885256991211,1.0
7.856855829088772,1706.3243608602716,1.0
57.977278132917945,-4107.213450500596,1.0
-508.78745259205107,-1587.9846899148283,1.0
-141.77451509429056,6747.810850919394,1.0
340.01627101403665,482.41131023117396,1.0
-81.09223968965011,-6254.0897385399985,1.0
-446.6825228793873,-1042.1800386915038,1.0
-212.18754112189208,4000.3487979159654,1.0
56.5193347914701,-2383.727584354784,1.0
-512.0354316992053,-3210.48070538171,1.0
-347.3254138979811,3546.4379781541793,1.0
-65.93078711137332,2072.4674583812043,1.0
-86.63077757948827,-1155.0185692993896,1.0
-211.21999039748096,-2788.303984801706,1.0
-437.3701295165515,-2134.6344360355756,0.0
-479.7345794805325,-62.301060975056316,0.0
-445.2069485543929,2482.2101361334976,0.0
-167.4986183857104,3817.442336186074,0.0
34.98719754630496,-225.77037867916715,0.0
-195.898160450016,-2846.394374786063,0.0
-323.0593152483651,1059.1734049267518,0.0
-62.66527204979184,-929.066016580603,0.0
-439.92606088958956,-2443.3705257615757,0.0
-370.0156181451056,2591.3561676057748,0.0
-113.96067554484591,73.40988594506871,0.0
-360.78142561714185,-973.8858395014535,-1.0
-236.46528410594135,365.41411385254605,-1.0
-314.81616853618584,966.0422465350101,-1.0
-114.94731714811178,-787.1878071528195,-1.0
-413.836125771292,-618.8825867624156,-1.0
-192.7962455968593,3634.561616860728,-1.0
43.35354688333064,-1033.0270823669748,-1.0
-322.7402012694308,-1560.3967426923614,-1.0
-152.9279723770062,2582.508716214018,-1.0
2.1122676270510965,1836.106404014848,-1.0
78.03492612398554,-1650.1026042749204,-1.0
-205.45330671767442,-2868.6227264528925,-1.0
-282.8076798157624,276.8044651888715,-1.0
-170.6342126508789,2511.029019245603,-1.0
33.0533940506034,2059.953895165605,-1.0
88.48634886205832,-1954.7712122046269,-1.0
-212.83629082270681,-1011.0381163272594,-1.0
-38.69162586278685,3141.14828557583,-1.0
182.2871677479152,-1301.087667825947,-1.0
-202.35478738103734,-2584.6240080076927,-1.0
-142.83138263643878,1572.9244642999902,-1.0
-4.497412338133472,3033.6108339178927,-1.0
238.764994127803,2610.3680254076944,-1.0
323.8594650106784,-4624.417455575091,-1.0
-342.9381452342484,-4915.120551639695,-1.0
-294.41107018610273,6569.632123197618,-1.0
483.4525660780771,8107.228923189726,-1.0
725.3931670937286,-2621.783809665213,-1.0
153.6597029851489,-7652.015940901581,-1.0
-237.15005873564473,10.19265014931807,-1.0
154.94183130665874,5302.305247682262,-1.0
429.8242440955603,953.6337081780141,-1.0
274.89893448294174,-3054.462171348736,-1.0
45.60498811248931,-2950.514300102102,-1.0
-96.24477120323786,3185.545793902155,-1.0
446.3131868631457,6225.054147797009,-1.0
686.8016503750572,-2823.8381199277233,-1.0
91.10401399060015,-3468.8423054049163,0.0
250.457726326142,-142.81000658614437,0.0
73.14001528989365,-895.7242934387923,0.0
137.78501922265838,2079.7006202498,0.0
334.7445073917141,949.9101693835028,0.0
257.27374033198663,-889.4870052548556,0.0
222.85638562305485,-3622.696685955266,0.0
-198.4234486482436,898.6375599618884,0.0
335.89555105313093,4164.252566725694,0.0
325.39578143455884,-2928.8745053454772,0.0
-32.52609576485182,-2416.6757459196706,0.0
21.40335823179042,-1192.049667014202,0.0
-182.47342215548278,378.66939516395655,0.0
69.03599046347756,1740.1282709513448,0.0
36.416435395055785,699.2985028185257,0.0
157.00039643428997,2980.129692451648,0.0
411.28544634804825,-1878.9279172207684,0.0
-79.34899861533444,-5338.951093870857,0.0
-260.29851899245796,1428.8879347603956,0.0
100.39009402309841,3146.673862634835,0.0
135.51999912950967,1431.9236416742706,0.0
280.51104670320973,-203.2528239408441,0.0
109.95292891877688,-1491.419995873459,0.0
92.90607763603919,-496.48893674453615,0.0
47.49983597522629,-3174.8017211936976,1.0
-306.45062962751666,1661.2011220721577,0.0
256.4614872759057,3311.8149434913385,0.0
110.140901764707,-5177.815699950641,1.0
-394.8533381338232,-3114.6945784081363,0.0
-281.6549583235727,4444.390830188282,0.0
164.2043428192261,5397.75853510595,0.0
397.3263653897887,-3831.7713697328386,0.0
-317.7922451844241,-5148.996253046171,1.0
-250.36327632927305,5904.154806104258,0.0
424.8884100513364,-96.02691106442148,0.0
-262.442453040014,-4601.987346882224,1.0
-153.99325725119604,4212.433197130093,0.0
267.4373942409734,1926.314856222004,0.0
88.31691695539746,-1481.3461042236163,0.0
81.09961492355399,-1852.7250870644652,0.0
-144.73643730461856,-1145.5027786671544,0.0
-62.992601858360956,182.29361620075235,0.0
-121.80581526449009,-3162.706282265159,0.0
-460.82782995949424,1697.3510627692563,0.0
91.70311884406982,7505.057308176568,0.0
483.22954357958673,-2858.7066160969985,0.0
-267.89214457528703,-5450.465461443719,0.0
-202.38175781438036,2958.932727398243,0.0
104.31051083452795,3568.1528728647445,0.0
246.45439242693405,384.915880721303,0.0
152.72888533401806,-4745.181715991823,0.0
-350.4396223442292,-2963.7457451587707,0.0
-220.07919715249514,1269.931547142093,0.0
-190.69557353288474,1121.9269070874957,0.0
-78.95257736586626,1835.9845166075027,0.0
40.2519928126114,411.49198474962975,0.0
-27.191208144644875,-151.99686882615086,0.0
21.132383344214286,-1657.1878284987135,0.0
-235.6480292710067,-681.915691007366,0.0
-64.645447496129,1320.524903765569,0.0
-69.53986764729976,66.73145457931952,0.0
-56.251331481322026,486.04463481708456,0.0
-8.400558175507882,-2559.6069898601295,0.0
-378.22300377052784,66.33164300896064,0.0
-0.05673425657363396,3708.7787463280256,0.0
88.3024041675514,-3996.66961256634,0.0
-502.7957890580152,-1838.5869268091833,0.0
-142.97251804476878,7829.513672145666,0.0
482.0747868616896,1842.8077342406752,0.0
88.83333740555673,-7027.478482713804,0.0
-401.90818709444636,24.426390672623256,0.0
91.9059207684416,4545.006587949871,0.0
169.80589928072254,-2149.001507051989,0.0
-178.41589493162576,-1165.2843559047817,0.0
23.225367875110578,721.8336354195286,0.0
-87.61680599680528,347.2417421942264,0.0
66.90473149058056,1557.2251164346567,0.0
108.26575599624175,-3288.1954773815733,0.0
-346.7157191723952,-1150.521669031353,0.0
-36.457784473211404,3476.1201381892533,0.0
90.54367979178778,2273.934575763597,0.0
249.57929892869885,471.19241153399423,0.0
149.81473558765316,-4600.685721831018,0.0
-329.1386376149982,-1173.0683582331085,0.0
2.2550584552600412,4553.104242222633,0.0
243.59404860704467,1164.5590561020833,0.0
148.74435476443296,-4747.671327274987,0.0
-353.6131331117652,-3793.152852342286,0.0
-328.39442941427717,5543.405261134883,0.0
343.6890188103302,4716.687087989087,0.0
264.9152604720329,-2640.055551326476,0.0
11.59776254939851,-3183.9860098941663,0.0
-135.59673383493708,-1431.033618149323,0.0
-168.41123452038005,4248.262404595672,0.0
398.79005138233134,2905.439064007619,0.0
197.0624799517476,-3836.43395599574,0.0
-83.79304099560534,-1281.2855690723304,0.0
35.8902144482675,-1007.137797478109,0.0
-210.4803965795765,3345.881087308366,0.0
456.7669088897354,2671.0136587931265,0.0
125.5050644056235,-5677.443561375736,0.0
-257.3958532159295,185.7327217167193,0.0
148.86828979398229,1978.8227141413047,0.0
-8.480742044702268,-958.1388539241858,0.0
28.34448660648519,1761.9198040288757,0.0
213.15026146085202,760.2024372962958,0.0
123.9699677776702,-2264.8786113855563,0.0
-71.74767674940927,1910.8397427630184,0.0
364.33353526730156,4592.797057514812,0.0
505.97794868876105,-1213.5921742465987,0.0
211.6763877570537,-1565.937914274531,0.0
308.9994082497725,1061.76992193516,0.0
345.2358907221767,-433.48832778835595,1.0
254.4711301317668,146.18804755708697,1.0
363.62481149284406,-379.910580614428,1.0
206.68236980824008,-3164.27770572467,1.0
-34.408085172718984,1450.7778033870193,1.0
389.17497798096133,2022.164468602147,1.0
219.9589634323877,-2753.144204947332,1.0
42.8583570185815,1549.9350245822075,1.0
414.92450844822633,-1090.1265050117293,1.0
-94.26810622970311,-1230.6645831196074,1.0
260.11983123664277,5243.00778900801,1.0
565.2471991821851,-1709.7127170353199,1.0
45.055930872695626,-5682.492449707575,1.0
-149.55066004031164,417.5157301124362,1.0
97.57502398498173,3142.9355434266686,1.0
245.79761679393346,-1715.6261852741861,1.0
-118.2327285660599,-1341.740178367018,1.0
77.02079647831624,2158.058969080475,1.0
153.2284207143075,-2148.26470248274,1.0
-193.2083369465372,-3137.928039877551,1.0
-241.4899647740599,2360.022570208828,1.0
103.65771185719086,5647.466722884665,1.0
468.90202593695085,-414.4886130847016,1.0
51.51939826914986,-7683.891126084132,1.0
-497.65076335995764,-2443.351668146777,1.0
-255.82857573639876,4723.646820688583,1.0
96.53438779228759,-72.18042354940712,1.0
-264.9081148097855,-1927.5356962530973,1.0
-145.9293552660597,2370.323369072572,1.0
33.25366628774532,-1180.7647685303077,1.0
-294.45715996800436,-2572.9926775743133,1.0
-290.40178490772723,782.3995142741364,1.0
-196.03951967909074,727.1076550129696,1.0
-198.9392797082262,1053.021621344653,1.0
-63.58046103292486,552.6019442060992,1.0
-129.42775985725916,-1739.1506800423774,1.0
-282.34734791609276,-3702.8674311925324,1.0
-595.2095864458884,929.5134342487643,1.0
-165.42432183196638,2441.1212490086177,0.0
-288.1421757388197,-2281.0709329596993,1.0
-452.3590840062632,2687.783281576256,0.0
49.95272763829274,2682.8428928775,0.0
-114.8856296318288,-4515.0945484836075,0.0
-517.9987383789334,-2703.404073507289,0.0
-454.9454645474087,790.7251392801386,0.0
-418.53382191962885,505.4499447623907,0.0
-391.365170924871,3557.6367744087343,0.0
28.979513600785708,385.23822254652714,0.0
-342.9062492098787,-2923.5451502292935,0.0
-338.7717563251224,387.63450307529865,-1.0
-294.14590057566807,-500.4179736061101,-1.0
-401.71908083382425,1910.714179447803,-1.0
-53.798127632213436,3841.8661897602506,-1.0
81.54732948951164,-1906.595637402704,-1.0
-293.62783124900193,-3671.3845122020493,-1.0
-380.2742765980395,1304.6850176026855,-1.0
-129.51216091673564,2439.5333925052632,-1.0
-73.40660155975979,1325.586933465974,-1.0
37.23275086989929,-966.0856578653181,-1.0
-194.93002920692697,-3774.032449210376,-1.0
-437.50088744237064,-1405.0591450518289,-1.0
-371.67171040632184,2270.6634142350795,-1.0
-151.87528179926608,3813.4305987022753,-1.0
108.01780125964751,2319.641493011757,-1.0
139.91125167049222,-814.1368412154262,-1.0
5.607938621860285,-3643.650631870487,-1.0
-318.42172359803953,81.2015426809705,-1.0
15.822239720901507,-60.07480629676138,-1.0
-325.9785031826573,-1676.087269062317,-1.0
-195.01193250173174,4636.412594262867,-1.0
257.2334986250157,789.1769031146047,-1.0
-95.74176788890554,-1467.6544563161956,-1.0
72.61798479227127,1615.5071801112206,-1.0
107.4720654988314,-48.156840852129335,-1.0
66.56036006989461,2337.4059709106996,-1.0
401.4931836837752,996.7519103015527,-1.0
191.94128014410649,-4142.36541895881,-1.0
-119.57287312043809,-117.47352467821611,-1.0
177.16434472387164,2709.1120009212887,-1.0
221.20495910561294,2002.2919794686106,-1.0
429.0316429436891,-58.49568482977634,-1.0
213.8468164137562,-4288.517694558494,-1.0
-110.41883489473366,-2191.1978768157555,-1.0
-61.78285935661165,3472.7957192442773,-1.0
326.42238708704963,5062.789499794731,-1.0
575.0628783501313,-785.6677884866738,-1.0
227.59363223325283,-3623.313653422237,-1.0
119.28808134337783,-2485.253722428443,-1.0
-85.02518004655576,132.35070178810474,-1.0
135.93640936875386,4915.468877222067,-1.0
533.2891708495702,2141.1415942600543,0.0
405.2695306029666,-1534.1308284147185,0.0
340.3116276986964,-652.8336001610664,0.0
323.1499213023675,625.9752517765951,0.0
419.05273890230274,3641.976362906225,0.0
781.2722911223764,2472.0687151778584,0.0
730.0130157700964,-1045.4944935253434,1.0
649.7600660882259,-1290.5095997697936,1.0
567.680464097467,-1828.967114346448,1.0
419.69521523385765,306.9030750656102,1.0
606.2856471201374,3938.5600876099375,1.0
915.1247021991073,1639.1500369667037,1.0
812.4735035471613,-2556.508948361705,1.0
593.5427309875181,386.4128550240139,1.0
861.0801816891449,-1209.0499220314791,1.0
441.456951092448,-4861.403390041632,1.0
249.5667011569294,1682.9110838456259,1.0
653.14948753513,920.7763473589105,1.0
365.39069348781914,-5630.612031230742,1.0
-55.12236001359179,1901.3716253131483,1.0
604.5632712585848,5268.937643037047,1.0
607.6546486585648,-3267.133222352544,1.0
193.5922310326323,-1581.662748862213,1.0
408.6980892077545,316.037772864031,1.0
233.34646308410083,-2409.850385404652,1.0
105.56422466168897,-3282.200309251303,1.0
-179.51985840356974,10.529197554248526,1.0
106.88868711145915,5105.013273321286,1.0
462.63718647906353,-1335.9033925155547,1.0
-61.15392685591087,-3174.977496600105,1.0
63.2583685157515,1871.8951302747735,1.0
174.31081747088592,-3716.4727187833223,1.0
-404.23486033689005,-4552.509352260207,1.0
-398.34703784274643,-101.9311685266407,1.0
-417.0567306157709,1991.6072960003403,1.0
-147.82376056746307,3195.207740835996,1.0
-15.133160433456396,-2069.6084843709214,1.0
-408.15876798709724,-3262.383965864665,1.0
-425.5067940810477,-788.7342685692734,1.0
-507.3732538237973,2330.836057700897,1.0
-132.31210196506436,2365.757440335781,1.0
-209.78581859914766,-4807.911756085151,1.0
-737.0968968409156,-4377.48795283098,1.0
-760.4278203525141,-269.10269273890026,1.0
-770.9471888357025,2409.6805330426614,1.0
-457.31532144936546,2602.010468717552,1.0
-443.64160432768585,-228.97968767851034,1.0
-486.1185608740725,51.789132344721565,1.0
-437.12707549043967,-4459.634226247374,1.0
-1047.0937009291117,-5468.882000632949,1.0
-1125.0549840604724,4165.7820419342725,1.0
-523.0820789313061,5226.226109416735,1.0
-467.6506376604172,-1747.0736843093464,1.0
-742.8455965251162,-2455.1433878033563,0.0
-776.4818861341794,3309.1602957878035,0.0
-326.587991928542,1716.4234395908352,0.0
-560.573847364615,-4569.1957487377695,0.0
-901.3448206392013,-1185.9896330128722,-1.0
-709.758885134722,683.0871880051745,-1.0
-815.4196277824428,2557.974273969561,-1.0
-387.9925913540203,2264.4161167436914,-1.0
-530.5798665399216,-5372.623345423664,-1.0
-1063.8121722344708,973.5291222979736,-1.0
-408.1201292560895,6690.318713135962,-1.0
-222.24035564343558,-1760.4663770090738,-1.0
-629.56830690982,-2261.203095867878,-1.0
-506.6759526104661,-1124.049970672535,-1.0
-770.9619857939679,-3201.6205179932595,-1.0
-909.4061827970322,5490.731846805809,-1.0
-80.28559609388685,6754.799119639556,-1.0
-59.72340839315257,-1538.6177826837793,-1.0
-273.8275509592595,-3151.181509997522,-1.0
-456.108941203418,-1841.0864167830155,-1.0
-505.41688275462093,4607.129430198639,-1.0
123.41954616585463,349.73219998163495,-1.0
-461.4242457101345,-6566.195281093273,-1.0
-702.5388465115348,2022.9240580627024,-1.0
-206.96164873004182,7926.961265717091,-1.0
294.58961305474713,4838.910912392223,-1.0
401.72251438299645,-3790.263471533768,-1.0
-182.18571736926333,-4114.109155537866,-1.0
-115.789201296785,3204.161841861429,-1.0
220.86418466492796,2568.5482046771504,-1.0
207.3071818945691,665.7266996829755,-1.0
304.6056104516074,1128.8135136854053,-1.0
349.3000644517997,-2127.7110468260003,-1.0
36.96191100538272,-2430.849818346128,-1.0
43.524691827338756,3138.7982683524406,-1.0
431.78976209477423,5851.078384301734,-1.0
779.528890734271,921.950555692526,-1.0
547.7614574995814,-2793.4626763302904,-1.0
428.14062959165176,-1273.5810675311159,-1.0
387.5583373591767,-129.5685806711831,-1.0
411.8422631783251,5997.261059103772,-1.0
1141.950781200604,1988.673899762738,-1.0
661.9965500202479,-5464.507306700267,-1.0
454.57316317384857,-2006.2448890973938,-1.0
409.63201729191815,-620.2404162068547,-1.0
376.5534340441195,2494.9869826721824,-1.0
723.4751714687443,2329.369705723697,-1.0
669.5636744844549,1328.8123377249412,-1.0
890.625805230344,1795.6558746529681,-1.0
895.4383212986514,-2070.681282763304,0.0
630.1558510419803,-3926.011462973615,0.0
401.58731949736114,657.660653225631,0.0
712.8826529129392,820.1899002169912,0.0
504.7585933740427,-1557.9608343112395,0.0
516.9075453392762,887.9086932824739,1.0
616.4481800757247,-865.3419733006349,1.0
408.05661496229686,-1525.791683081516,1.0
424.5196138103404,132.937162484518,1.0
424.7787135829333,2785.7006711301697,1.0
774.931496233635,1411.372986225922,1.0
602.3146096791188,-2086.640476409866,1.0
512.4540431256405,1785.1846397489762,1.0
826.8720851360008,-1997.512271407209,1.0
261.1879819720516,-4027.884868484972,1.0
320.20647903631107,1082.1067882465886,1.0
397.30564909338136,-4257.654833765709,1.0
-215.36177510893776,1450.737997800355,1.0
579.793250141347,6623.499422973617,1.0
617.8048766735724,-5339.483608659897,1.0
-91.8576999658435,-4842.319693675359,1.0
8.69192468231995,2975.2120444191355,1.0
282.39272252138835,3024.6624462346927,1.0
389.16268827308886,-742.3261152134912,1.0
189.0158948888875,-3371.484163884528,1.0
-34.93460425757985,-688.4014501653355,1.0
102.42222367531485,-1438.3451502706168,1.0
-215.86331526520462,-820.0312445846503,1.0
-0.7290929893397333,6395.654574973933,1.0
588.642848003471,-847.5199676535835,1.0
-107.33820226480748,-9777.933708010096,1.0
-641.3185015209829,-3245.422218704437,1.0
-515.5782262919729,6788.9527831412015,1.0
212.66044498897736,4419.331149445205,1.0
40.32721005958865,-4752.898885036511,1.0
-385.20430858406235,-1647.2080706946344,1.0
-166.8742623660346,707.0102525612906,1.0
-296.2698455026166,-3732.8024465344956,1.0
-636.421599436524,-705.8961967449577,1.0
-385.0641720648837,3867.2322580230084,1.0
-149.9644041800434,-1407.975043021518,1.0
-562.1726425991133,-3231.8123342693534,1.0
-556.4924477083873,1627.1485411045337,1.0
-357.4944482834835,-1717.8796532976494,1.0
-772.5836628655852,-1781.120735971413,1.0
-581.5407273338369,2147.222179579713,1.0
-502.4856678708679,-1677.1638905269647,1.0
-792.5103272275978,-230.00005874963426,1.0
-531.4172592580403,559.6728496226651,1.0
-722.1093617506422,809.0477080957071,1.0
-429.6475561086592,2707.41037752572,0.0
-381.5455758732783,-1018.0321873182352,0.0
-557.7053114959497,-1274.070870953788,0.0
-541.810308139214,-409.3247037012152,0.0
-609.1940595272132,1959.0212708305626,0.0
-295.38601053495313,-203.40221263544208,0.0
-634.7799212666032,-3115.5642318016085,-1.0
-687.2912638849411,3044.063601901951,-1.0
-251.86869608963434,1436.6512875659755,-1.0
-506.5756230126419,-3925.144113050609,-1.0
-745.6105943815728,-816.5428357747578,-1.0
-609.2881344925347,2692.2359527872645,-1.0
-406.95559173866286,-269.74119196330867,-1.0
-643.2187429827227,1616.7535621703037,-1.0
-203.58497658025226,3281.922377417137,-1.0
-230.38738240025896,-5328.100245323467,-1.0
-873.8040191548293,-25.370542716029377,-1.0
-233.57873017274687,5270.312810588587,-1.0
-210.85402884997757,-402.38694636550326,-1.0
-284.19478120786334,-2586.460238527836,-1.0
-536.2035577453034,1180.894210450336,-1.0
-135.65069407195278,6440.222063465442,-1.0
273.90872742266765,-3215.7745884801197,-1.0
-540.1613576464642,-2951.017244281301,-1.0
-97.29824335829562,5484.841003446798,-1.0
149.7740258384656,-890.8745059086547,-1.0
-209.36089813432682,-2145.81028684381,-1.0
-120.14636788107782,2004.0857776623654,-1.0
42.732041055588525,3588.1830682403597,-1.0
331.2093705340949,1583.433817496795,-1.0
241.91138233657148,-4803.294453461073,-1.0
-272.99461617344605,-206.46735904919205,-1.0
215.93995737592286,4645.910040724262,-1.0
311.4120646345473,-2079.015225284171,-1.0
-45.578319238842596,-1298.5612815427423,-1.0
148.0666959727132,3705.4209034622527,-1.0
420.5247073387327,3803.034149626822,-1.0
626.4484435530394,-782.2744296399346,-1.0
322.122801382915,-3289.272919410986,-1.0
212.69246200056932,755.3523729732133,-1.0
417.13819540907707,3862.5840472145783,-1.0
698.5649611638073,1479.245396207631,-1.0
603.2117277246484,-4778.626728633042,-1.0
97.46391512094988,-1484.6509294433627,-1.0
416.4582361097441,4026.125382480899,-1.0
603.9081963635472,2158.96032267547,-1.0
688.0327662041898,2133.219805708185,-1.0
872.2448398112117,-2676.549854797497,-1.0
351.3509099160325,-1820.9480053817824,-1.0
643.1887086290636,-219.6545693121816,-1.0
323.7206724274695,-4762.326602371971,0.0
44.13804724740049,5577.19395462815,0.0
1025.2730870621758,8842.132074868483,0.0
1156.3853813205203,736.9242381925533,0.0
1117.9704153087234,531.0510782748624,1.0
1223.1860286153692,-1368.7305445157963,1.0
945.798490448027,-4163.775029961137,1.0
699.4268676413258,-1282.0956613745439,1.0
784.5243238425132,1861.353752547072,1.0
933.5656173804064,1937.649210067253,1.0
1028.2602407026156,-1729.8752007027015,1.0
715.9654883651524,-3096.2173676964367,1.0
638.7886196306235,413.9337865487878,1.0
768.0340106031854,-69.29334599647518,1.0
630.0722445866022,-1103.9132412601402,1.0
629.1733207556181,-909.9353049851507,1.0
515.6119415082021,2297.739018146328,1.0
918.2047529588126,946.5178416472618,1.0
634.6739434224683,-6323.866792820036,1.0
122.72873860031814,-1062.6659994086021,1.0
501.0017233240005,1543.3119971001092,1.0
316.8611763295803,-3987.6504081368844,1.0
-0.6028103010876293,968.2281232059986,1.0
438.6541036114686,3743.587482416734,1.0
470.3011709935017,-2799.03425915518,1.0
86.56499587536018,-5654.845138395998,1.0
-241.0189468833005,-20.09399394177285,1.0
84.03738251212053,3101.868968440179,1.0
149.16358619580387,-2105.6478084021182,1.0
-180.83099330062123,-2675.1179107548937,1.0
-187.33814657349376,289.22905495392956,1.0
-144.44901635376027,-3599.4707010939082,1.0
-640.1137506323503,-2065.571185906949,1.0
-404.27617403600834,4803.488424802634,1.0
-35.885364367522925,-1817.0003138380166,1.0
-632.8357270899096,-4540.700290468816,1.0
-607.0577637544775,2833.1446538222663,1.0
-276.45589001258577,1472.0467501146472,1.0
-421.88974550013154,-5276.00043285651,1.0
-940.1213234540182,-1860.1930736931577,1.0
-655.8824940316772,2579.4418311462205,1.0
-615.6546364834257,-747.5069913673942,1.0
-749.9110214625616,-580.3905116823425,1.0
-688.6616662217393,-1186.9407821618152,1.0
-899.2157038043629,-2538.8702427743856,1.0
-1008.0248735537953,-2391.17043522719,1.0
-1199.9998268390436,1447.7935450952727,1.0
-825.9076537265889,1589.3727087298312,1.0
-1000.0734354252202,-171.0004678783098,1.0
-847.417716335111,3551.238449268424,1.0
-553.3649419971218,-1801.3797035858152,1.0
-1074.012360704012,-2658.483137710359,0.0
-887.7741950551906,-760.8201825407177,0.0
-1169.7155477380104,-4113.398014532893,0.0
-1405.1964566667066,3040.2269145002992,-1.0
-787.2869375342209,8082.313323865461,-1.0
-388.5263400594504,-446.53904093751316,-1.0
-843.4568582768804,-6267.565905190468,-1.0
-1176.9202941589924,-2573.5357254797336,-1.0
-1167.1806191945598,3039.9655653859536,-1.0
-794.5245589284195,5044.048091841211,-1.0
-532.6923537418106,-371.26924649413377,-1.0
-841.2263301912717,-1409.1216475213005,-1.0
-709.9450550777892,2949.0814332453447,-1.0
-470.2628641043284,664.0723222834449,-1.0
-626.411732589826,-1986.8860099425096,-1.0
-720.1922531876498,749.7458007483601,-1.0
-532.1015864560259,-133.45050679300311,-1.0
-736.9789251298971,-674.6841445305936,-1.0
-616.9697647123112,2865.160849019808,-1.0
-376.57178700640816,4920.507756741023,-1.0
1.978424297055426,1307.6678217446342,-1.0
-212.0809112455645,-3295.314062247041,-1.0
-412.5374695658702,-206.1908982846137,-1.0
-238.0175603461439,128.70501968251483,-1.0
-396.34773005373154,720.1735290697216,-1.0
-147.42729535174294,4148.7089229565345,-1.0
125.51627291895511,5179.96369839403,-1.0
504.15772569876117,479.2227625239748,-1.0
185.79746251560664,-4848.128272109315,-1.0
-105.68588444417401,-3354.891724239562,-1.0
-236.21267540070312,4440.600088578747,-1.0
452.89496103358306,6306.657806711027,-1.0
557.0986292746575,-1573.6788510835045,-1.0
254.94269205761702,688.8025264037824,-1.0
643.74275166594,2113.305969885494,-1.0
520.7743841408337,-673.2107045578778,-1.0
559.0599166806542,2527.0160106787835,-1.0
838.6464535963642,-381.9480596053736,-1.0
511.0148629024425,-3221.449666709618,-1.0
433.4219247937608,2501.819890106107,-1.0
825.7175250591417,2749.9984980637473,-1.0
779.3428488738946,2030.1023865985062,-1.0
1081.0830803654085,-309.8986244316957,-1.0
740.3608572074122,-2293.7069035711074,-1.0
792.5588458209904,3350.6375578554744,-1.0
1161.8358656799564,300.22190383374164,-1.0
830.3236076841658,-3089.9757975635775,-1.0
773.1493685670314,922.953790798635,-1.0
946.4214995270172,136.79790685639546,-1.0
790.357108274963,-1929.0657894995175,-1.0
703.765286810968,1223.3284001669526,0.0
944.2389707331497,3823.4302904251044,0.0
